Workbook

Sheet DB_(0527)
B1: 출처
A2: 원천데이터 | B2: 고시문
A3: 원천데이터 | B3: KB시세
A4: 계산데이터
A5: 전문가판단 | B5: 경험치
A6: 전문가판단 | B6: 2차계산
A7: 사용자표시 | AH7: 시뮬레이터 | AI7: 시뮬레이터
H9: 계산결과와 고시문자료 크로스체크 필요 | J9: 시뮬레이터 | L9: 시뮬레이터 | P9: 계산결과와 고시문자료 크로스체크 필요 | T9: 시뮬레이터 | AA9: 종전 타입별로 바뀌는 항목 | AB9: 종전 타입별로 바뀌는 항목 | AC9: 종전 타입별로 바뀌는 항목 | AD9: 종전 타입별로 바뀌는 항목 | AE9: 종전 타입별로 바뀌는 항목 | AH9: 계산결과와 고시문자료 크로스체크 필요 | AJ9: 계산결과와 고시문자료 크로스체크 필요 | AT9: 시뮬레이터 | DG9: 종전 타입별로 바뀌는 항목 | DH9: 종전 타입별로 바뀌는 항목 | DI9: 종전 타입별로 바뀌는 항목 | DJ9: 종전 타입별로 바뀌는 항목 | DK9: 종전 타입별로 바뀌는 항목
BO10: *) 압구정3구역은, 종후 평단가가 나와있지만, 종후 면적이 자세히 나와있지 않아서, 여기서 분양평형(3)을 이끌어내는 것이 또한 포커스다
A11: 압구정3page | J11: 11 | L11: 11 | N11: 11 | V11: 10 | W11: 11 | Z11: 11 | AA11: 11 | AB11: 11 | AC11: 11 | AH11: 12 | BF11: 10 | BO11: 11 | BQ11: 22 | BR11: 22 | BV11: 22 | BZ11: 22 | CE11: 22 | CG11: 22 | CH11: 22 | CI11: 22 | CJ11: 22 | CK11: 22 | CN11: 10 | CO11: 11 | CR11: =+J11 -> 11 | CS11: =+L11 -> 11 | DF11: 11 | DG11: 11 | DH11: 11 | DI11: 11
A12: 신반포2page | M12: 10 | N12: 10 | V12: 9 | W12: 9 | BF12: 10 | BG12: 10 | BH12: 10 | BI12: 10 | BJ12: 10 | DP12: *) 여긴 종후 면적과 종후 가액 합계가 나와 있어서 평균적인 종후 자산 평단가 뽑아내는게 포커스
A13: 목동6page
A14: 여의도시범page | AT14: 슬라이더 | BO14: 16 | BQ14: 25 | CE14: 25 | CG14: 25 | CI14: 25 | CK14: 25 | CN14: 26
A15: 은마page | H15: 18 | BO15: 18 | CE15: 18 | CN15: 3
A16: 명칭 | B16: 주소 | C16: 고시문 날짜 | D16: 고시명 | E16: 연면적합계m2 | F16: 연면적 출처 | H16: 종후자산합계(계산결과) | I16: 일반분양총액 | J16: 일분 분양평단가 | K16: 조합분양총액 | L16: 조분 분양평단가 | M16: 임대수입 | N16: 주택 외 | P16: 사업비합계 (계산결과) | Q16: 공사비(계산결과) | R16: 기타사업비(계산결과) | S16: 공사비 대비 기타사업비 비율 | T16: 평당공사비 | V16: 종전합계 | W16: 종전자산(주택)합계 | X16: 기타종전자산 (계산결과) | Z16: 종전타입수 | AA16: 종전-단지명 | AB16: 종전-타입명 | AC16: 종전-세대단가 | AD16: KB시세 | AE16: 적용KB분양면적 | AF16: KB시점 | AH16: 전용84 조합원분양가 | AI16: 전용84 일반분양 | AJ16: 비례율(계산결과) | AL16: 유사단지선정 | AM16: 유사단지 주소 | AN16: 유사단지 전용84KB시세(상한) | AO16: KB시점 | AP16: 유사단지 분양면적 | AQ16: 유사단지평단가 | AR16: 본건84분양면적 | AS16: 배율 | AT16: 본건전용84신축가격(추정) | AU16: 총투자금 | AV16: 마진 | AX16: 시뮬레이션결과 | AZ16: 종전 타입별 분담금 | BB16: 수익률 | BD16: 모든 단지 로직 | BF16: 사업비합계 | BG16: 공사비(계산결과) | BH16: 기타사업비(계산결과) | BI16: 공사비 대비 기타사업비 비율 | BJ16: 평당공사비 | BM16: 압구정3특별로직 | BO16: 종전세대수 | BP16: 일분세대수(계산) | BQ16: (일분+조분)분양세대수 | BR16: 분양1세대수 | BS16: 분양1면적 | BT16: 분양1조분세대수 | BU16: 분양1일분세대수 | BV16: 분양2세대수 | BW16: 분양2면적 | BX16: 분양1조분세대수 | BY16: 분양1일분세대수 | BZ16: 분양3세대수 | CA16: 분양3면적 | CB16: 분양1조분세대수 | CC16: 분양1일분세대수 | CE16: 임대세대수(법적상한) | CF16: 임대세대수(기부채납) | CG16: 임대1세대수 | CH16: 임대1면적 | CI16: 임대2세대수 | CJ16: 임대2면적 | CK16: 총세대수 | CM16: 임대단가 | CN16: 종후자산합계 | CO16: 주택 외 | CP16: 임대분양가 | CQ16: 주택분양가 | CR16: =+J16 -> 일분 분양평단가 | CS16: =+L16 -> 조분 분양평단가 | CT16: 59조분+일분 | CU16: 84조분+일분 | CV16: 분양3 분양가 | CW16: 분양3 면적 추정 | CY16: 일반분양면적 | CZ16: =+I16 -> 일반분양총액 | DA16: 조합원분양 면적 | DB16: =+K16 -> 조합분양총액 | DD16: 압구정3특별로직 | DF16: 종전타입수 | DG16: 종전-단지명 | DH16: 종전-타입명 | DI16: 종전-세대단가 | DJ16: KB 시세 없는 자료 추정 | DK16: 적용KB분양면적 | DL16: KB시점
A17: 명칭 | B17: 주소 | C17: 고시문 날짜 | D17: 고시명 | E17: 연면적합계m2 | F17: 연면적 출처 | H17: 종후자산합계(계산결과) | I17: 일반분양총액 | J17: 일분 분양평단가 | K17: 조합분양총액 | L17: 조분 분양평단가 | M17: 임대수입 | N17: 주택 외 | P17: 사업비합계 (계산결과) | Q17: 공사비(계산결과) | R17: 기타사업비(계산결과) | S17: 공사비 대비 기타사업비 비율 | T17: 평당공사비 | V17: 종전합계 | W17: 종전자산(주택)합계 | X17: 기타종전자산 (계산결과) | Z17: 종전타입수 | AA17: 종전-단지명 | AB17: 종전-타입명 | AC17: 종전-세대단가 | AD17: KB시세 | AE17: 적용KB분양면적 | AF17: KB시점 | AH17: 전용84 조합원분양가 | AI17: 전용84 일반분양 | AJ17: 비례율(계산결과) | AL17: 유사단지선정 | AM17: 유사단지 주소 | AN17: 유사단지 전용84KB시세(상한) | AO17: KB시점 | AP17: 유사단지 분양면적 | AQ17: 유사단지평단가 | AR17: 본건84분양면적 | AS17: 배율 | AT17: 본건전용84신축가격(추정) | AU17: 총투자금 | AV17: 마진 | BF17: 사업비합계 | BG17: 공사비 | BH17: 기타사업비 | BI17: 공사비 대비 기타사업비 비율 | BJ17: 평당공사비 | DN17: 신반포3 특별로직 | DP17: 조합원분양가총액 | EI17: 조합원분양면적총액 | EJ17: 평균 조합원분양 단가 | EK17: 일반분양가총액 | FD17: 일반분양면적총액 | FE17: 평균 일반분양단가
A18: 명칭 | B18: 주소 | C18: 고시문 날짜 | D18: 고시명 | E18: 연면적합계m2 | F18: 연면적 출처 | H18: 종후자산합계(계산결과) | I18: 일반분양총액 | J18: 일분 분양평단가 | K18: 조합분양총액 | L18: 조분 분양평단가 | M18: 임대수입 | N18: 주택 외(VAT/대여금이자포함) | P18: 사업비합계 (계산결과) | Q18: 공사비(계산결과) | R18: 기타사업비(계산결과) | S18: 공사비 대비 기타사업비 비율 | T18: 평당공사비 | V18: 종전합계 | W18: 종전자산(주택)합계 | X18: 기타종전자산 (계산결과) | Z18: 종전타입수 | AA18: 종전-단지명 | AB18: 종전-타입명 | AC18: 종전-세대단가 | AD18: KB시세 | AE18: 적용KB분양면적 | AF18: KB시점 | AH18: 전용84 조합원분양가 | AI18: 전용84 일반분양 | AJ18: 비례율(계산결과) | AL18: 유사단지선정 | AM18: 유사단지 주소 | AN18: 유사단지 전용84KB시세(상한) | AO18: KB시점 | AP18: 유사단지 분양면적 | AQ18: 유사단지평단가 | AR18: 본건84분양면적 | AS18: 배율 | AT18: 본건전용84신축가격(추정) | AU18: 총투자금 | AV18: 마진 | BF18: 사업비합계 | BG18: 공사비 | BH18: 기타사업비 | BI18: 공사비 대비 기타사업비 비율 | BJ18: 평당공사비 | DN18: 목동6 동일 로직 | DP18: 조합원분양가총액 | EI18: 조합원분양면적총액 | EJ18: 평균 조합원분양 단가 | EK18: 일반분양가총액 | FD18: 일반분양면적총액 | FE18: 평균 일반분양단가
A19: 명칭 | B19: 주소 | C19: 고시문 날짜 | D19: 고시명 | E19: 연면적합계m2 | F19: 연면적 출처 | H19: 종후자산합계(계산결과) | I19: 일반분양총액 | J19: 일분 분양평단가 | K19: 조합분양총액 | L19: 조분 분양평단가(계산) | M19: 임대수입 | N19: 주택 외 | P19: 사업비합계 (계산결과) | Q19: 공사비(계산결과) | R19: 기타사업비(계산결과) | S19: 공사비 대비 기타사업비 비율 | T19: 평당공사비 | V19: 종전합계 | W19: 종전자산(주택)합계 | X19: 기타종전자산 (계산결과) | Z19: 종전타입수 | AA19: 종전-단지명 | AB19: 종전-타입명 | AC19: 종전-세대단가 | AD19: KB시세 | AE19: 적용KB분양면적 | AF19: KB시점 | AH19: 전용84 조합원분양가 | AI19: 전용84 일반분양 | AJ19: 비례율(계산결과) | AL19: 유사단지선정 | AM19: 유사단지 주소 | AN19: 유사단지 전용84KB시세(상한) | AO19: KB시점 | AP19: 유사단지 분양면적 | AQ19: 유사단지평단가 | AR19: 본건84분양면적 | AS19: 배율 | AT19: 본건전용84신축가격(추정) | AU19: 총투자금 | AV19: 마진 | BF19: 사업비합계 | BG19: 공사비(계산결과) | BH19: 기타사업비(계산결과) | BI19: 공사비 대비 기타사업비 비율 | BJ19: 평당공사비 | BM19: 여의도시범 로직 | BO19: 종전세대수 | BP19: 일분세대수(계산) | BQ19: (일분+조분)분양세대수 | BR19: 분양1세대수 | BS19: 분양1면적 | BT19: 분양1조분세대수 | BU19: 분양1일분세대수 | BV19: 분양2세대수 | BW19: 분양2면적 | BX19: 분양1조분세대수 | BY19: 분양1일분세대수 | BZ19: 분양3세대수 | CA19: 분양3면적 | CB19: 분양1조분세대수 | CC19: 분양1일분세대수 | CE19: 임대세대수(법적상한) | CF19: 임대세대수(기부채납) | CG19: 임대1세대수 | CH19: 임대1면적 | CI19: 임대2세대수 | CJ19: 임대2면적 | CK19: 총세대수 | CM19: 임대단가 | CN19: 종후자산합계 | CO19: 주택 외 | CP19: 임대분양가 | CQ19: 주택분양가 | CR19: =+J19 -> 일분 분양평단가 | CS19: =+L19 -> 조분 분양평단가(계산) | CT19: 59조분+일분 | CU19: 84조분+일분 | CV19: 분양3 분양가 | CW19: 분양3 면적 추정 | CY19: 일반분양면적 | CZ19: =+I19 -> 일반분양총액 | DA19: 조합원분양 면적 | DB19: =+K19 -> 조합분양총액 | DN19: 목동6 동일 로직 | DP19: 조합원분양가총액 | EI19: 조합원분양면적총액 | EJ19: 평균 조합원분양 단가 | EK19: 일반분양가총액 | FD19: 일반분양면적총액 | FE19: 평균 일반분양단가
A20: 명칭 | B20: 주소 | C20: 고시문 날짜 | D20: 고시명 | E20: 연면적합계m2 | F20: 연면적 출처 | H20: 종후자산합계(계산결과) | I20: 일반분양총액 | J20: 일분 분양평단가 | K20: 조합분양총액 | L20: 조분 분양평단가(계산) | M20: 임대수입 | N20: 주택 외 | P20: 사업비합계 (계산결과) | Q20: 공사비(계산결과) | R20: 기타사업비(계산결과) | S20: 공사비 대비 기타사업비 비율 | T20: 평당공사비 | V20: 종전합계 | W20: 종전자산(주택)합계 | X20: 기타종전자산 (계산결과) | Z20: 종전타입수 | AA20: 종전-단지명 | AB20: 종전-타입명 | AC20: 종전-세대단가 | AD20: KB시세 | AE20: 적용KB분양면적 | AF20: KB시점 | AH20: 전용84 조합원분양가 | AI20: 전용84 일반분양 | AJ20: 비례율(계산결과) | AL20: 유사단지선정 | AM20: 유사단지 주소 | AN20: 유사단지 전용84 부동산뱅크시세(상한) | AO20: KB시점 | AP20: 유사단지 분양면적 | AQ20: 유사단지평단가 | AR20: 본건84분양면적 | AS20: 배율 | AT20: 본건전용84신축가격(추정) | AU20: 총투자금 | AV20: 마진 | AX20: 시뮬레이션결과 | AZ20: 종전 타입별 분담금 | BB20: 수익률 | BD20: 모든 단지 로직 | BF20: 사업비합계 | BG20: 공사비(계산결과) | BH20: 기타사업비(계산결과) | BI20: 공사비 대비 기타사업비 비율 | BJ20: 평당공사비 | BM20: 압구정3특별로직 | BO20: 종전세대수 | BP20: 일분세대수(계산) | BQ20: (일분+조분)분양세대수 | BR20: 분양1세대수 | BS20: 분양1면적 | BT20: 분양1조분세대수 | BU20: 분양1일분세대수 | BV20: 분양2세대수 | BW20: 분양2면적 | BX20: 분양1조분세대수 | BY20: 분양1일분세대수 | BZ20: 분양3세대수 | CA20: 분양3면적 | CB20: 분양1조분세대수 | CC20: 분양1일분세대수 | CE20: 임대세대수(법적상한) | CF20: 임대세대수(기부채납) | CG20: 임대1세대수 | CH20: 임대1면적 | CI20: 임대2세대수 | CJ20: 임대2면적 | CK20: 총세대수 | CM20: 임대단가 | CN20: 종후자산합계 | CO20: 주택 외 | CP20: 임대분양가 | CQ20: 주택분양가 | CR20: =+J20 -> 일분 분양평단가 | CS20: =+L20 -> 조분 분양평단가(계산) | CT20: 59조분+일분 | CU20: 84조분+일분 | CV20: 분양3 분양가 | CW20: 분양3 면적 추정 | CY20: 일반분양면적 | CZ20: =+I20 -> 일반분양총액 | DA20: 조합원분양 면적 | DB20: =+K20 -> 조합분양총액 | DD20: 압구정3특별로직 | DF20: 종전타입수 | DG20: 종전-단지명 | DH20: 종전-타입명 | DI20: 종전-세대단가 | DJ20: KB 시세 없는 자료 추정 | DK20: 적용KB분양면적 | DL20: KB시점
A21: 압구정3구역 | B21: 서울특별시 강남구 압구정동 369-1 | C21: 45992 | D21: 서울특별시 강남구공고 제 2025-2711호 | E21: 1414453 | F21: 구글링 | H21: =+I21+K21+M21+N21 -> 21108000 | I21: =+J21*CY21*0.3025 -> 2658697.2 | J21: 85 | K21: =+L21*DA21*0.3025 -> 17015568 | L21: 83 | M21: =+CP21 -> 101095.5 | N21: 1332639 | P21: =+Q21+R21 -> 5887500 | Q21: =+T21*E21*0.3025 -> 4528846.2 | R21: =+Q21*S21 -> 1358653.8 | S21: =+BI21 -> 0.3 | T21: =+BJ21 -> 10.584581 | V21: 24930400 | W21: 23069157 | X21: =+V21-W21 -> 1861243 | Z21: 1 | AA21: 1,2차 | AB21: 43 | AC21: 5063 | AD21: 6700 | AE21: 141 | AF21: 46160 | AH21: =+AR21*L21*0.3025 -> 2862.255 | AI21: =+J21*AR21*0.3025 -> 2931.225 | AJ21: =+(H21-P21)/V21 -> 0.61051969 | AL21: 래미안원베일리 | AM21: 서울시 서초구 반포동 1 | AN21: 6700 | AO21: =+AF21 -> 46160 | AP21: 111.79 | AQ21: =+AN21/(AP21*0.3025) -> 198.12828 | AR21: 114 | AS21: 0.2 | AT21: =+AQ21*AR21*(1+AS21)*0.3025 -> 8198.9444 | AU21: =+AD21+AZ21 -> 6471.1938 | AV21: =+AT21-AU21 -> 1727.7506 | AZ21: =+AH21-(AC21*AJ21) -> -228.80617 | BB21: =+AV21/AU21 -> 0.26699102 | BD21: 공사비 뽑아내기 | BF21: 5887500 | BG21: =+BF21/(1+BI21) -> 4528846.2 | BH21: =+BF21-BG21 -> 1358653.8 | BI21: 0.3 | BJ21: =+BG21/(E21*0.3025) -> 10.584581 | BO21: 3934 | BP21: =+BQ21-BO21 -> 600 | BQ21: 4534 | BR21: 522 | BS21: 80 | BT21: =+ROUND(BR21*BO21/BQ21,0) -> 453 | BU21: =+BR21-BT21 -> 69 | BV21: 486 | BW21: 114 | BX21: =+ROUND(BV21*BO21/BQ21,0) -> 422 | BY21: =+BV21-BX21 -> 64 | BZ21: 3526 | CA21: =+CW21 -> 193.97208 | CB21: =+ROUND(BZ21*BO21/BQ21,0) -> 3059 | CC21: =+BZ21-CB21 -> 467 | CE21: 641 | CG21: 511 | CH21: =+BS21 -> 80 | CI21: 130 | CJ21: =+BW21 -> 114 | CK21: =+BQ21+CE21+CF21 -> 5175 | CM21: 6 | CN21: 21108000 | CO21: =+N21 -> 1332639 | CP21: =+CM21*(CG21*CH21+CI21*CJ21)*0.3025 -> 101095.5 | CQ21: =+CN21-CO21-CP21 -> 19674266 | CR21: =+J21 -> 85 | CS21: =+L21 -> 83 | CT21: =+(CR21*BS21*BU21+CS21*BS21*BT21)*0.3025 -> 1051828.8 | CU21: =+(CR21*BW21*BY21+CS21*BW21*BX21)*0.3025 -> 1395470 | CV21: =+CQ21-CT21-CU21 -> 17226967 | CW21: =+CV21/(CR21*CC21*0.3025+CS21*CB21*0.3025) -> 193.97208 | CY21: =+(BS21*BU21+BW21*BY21+CA21*CC21) -> 103400.96 | CZ21: =+CR21*(BS21*BU21+BW21*BY21+CA21*CC21)*0.3025 -> 2658697.2 | DA21: =+(BS21*BT21+BW21*BX21+CA21*CB21) -> 677708.59 | DB21: =+CS21*(BS21*BT21+BW21*BX21+CA21*CB21)*0.3025 -> 17015568
A22: 압구정3구역 | B22: 서울특별시 강남구 압구정동 369-1 | C22: 45992 | D22: 서울특별시 강남구공고 제 2025-2711호 | E22: 1414453 | F22: 구글링 | H22: =+I22+K22+M22+N22 -> 21108000 | I22: =+J22*CY22*0.3025 -> 2658697.2 | J22: 85 | K22: =+L22*DA22*0.3025 -> 17015568 | L22: 83 | M22: =+CP22 -> 101095.5 | N22: 1332639 | P22: =+Q22+R22 -> 5887500 | Q22: =+T22*E22*0.3025 -> 4528846.2 | R22: =+Q22*S22 -> 1358653.8 | S22: =+BI22 -> 0.3 | T22: =+BJ22 -> 10.584581 | V22: 24930400 | W22: 23069157 | X22: =+V22-W22 -> 1861243 | Z22: 2 | AA22: 1,2차 | AB22: 53 | AC22: 7088 | AD22: 8866 | AE22: 172 | AF22: 46160 | AH22: =+AR22*L22*0.3025 -> 2862.255 | AI22: =+J22*AR22*0.3025 -> 2931.225 | AJ22: =+(H22-P22)/V22 -> 0.61051969 | AL22: 래미안원베일리 | AM22: 서울시 서초구 반포동 1 | AN22: 6700 | AO22: =+AF22 -> 46160 | AP22: 111.79 | AQ22: =+AN22/(AP22*0.3025) -> 198.12828 | AR22: 114 | AS22: 0.2 | AT22: =+AQ22*AR22*(1+AS22)*0.3025 -> 8198.9444 | AU22: =+AD22+AZ22 -> 7400.8915 | AV22: =+AT22-AU22 -> 798.05299 | AZ22: =+AH22-(AC22*AJ22) -> -1465.1085 | BB22: =+AV22/AU22 -> 0.10783201 | BD22: 공사비 뽑아내기 | BF22: 5887500 | BG22: =+BF22/(1+BI22) -> 4528846.2 | BH22: =+BF22-BG22 -> 1358653.8 | BI22: 0.3 | BJ22: =+BG22/(E22*0.3025) -> 10.584581 | BO22: 3934 | BP22: =+BQ22-BO22 -> 600 | BQ22: 4534 | BR22: 522 | BS22: 80 | BT22: =+ROUND(BR22*BO22/BQ22,0) -> 453 | BU22: =+BR22-BT22 -> 69 | BV22: 486 | BW22: 114 | BX22: =+ROUND(BV22*BO22/BQ22,0) -> 422 | BY22: =+BV22-BX22 -> 64 | BZ22: 3526 | CA22: =+CW22 -> 193.97208 | CB22: =+ROUND(BZ22*BO22/BQ22,0) -> 3059 | CC22: =+BZ22-CB22 -> 467 | CE22: 641 | CG22: 511 | CH22: =+BS22 -> 80 | CI22: 130 | CJ22: =+BW22 -> 114 | CK22: =+BQ22+CE22+CF22 -> 5175 | CM22: 6 | CN22: 21108000 | CO22: =+N22 -> 1332639 | CP22: =+CM22*(CG22*CH22+CI22*CJ22)*0.3025 -> 101095.5 | CQ22: =+CN22-CO22-CP22 -> 19674266 | CR22: =+J22 -> 85 | CS22: =+L22 -> 83 | CT22: =+(CR22*BS22*BU22+CS22*BS22*BT22)*0.3025 -> 1051828.8 | CU22: =+(CR22*BW22*BY22+CS22*BW22*BX22)*0.3025 -> 1395470 | CV22: =+CQ22-CT22-CU22 -> 17226967 | CW22: =+CV22/(CR22*CC22*0.3025+CS22*CB22*0.3025) -> 193.97208 | CY22: =+(BS22*BU22+BW22*BY22+CA22*CC22) -> 103400.96 | CZ22: =+CR22*(BS22*BU22+BW22*BY22+CA22*CC22)*0.3025 -> 2658697.2 | DA22: =+(BS22*BT22+BW22*BX22+CA22*CB22) -> 677708.59 | DB22: =+CS22*(BS22*BT22+BW22*BX22+CA22*CB22)*0.3025 -> 17015568
A23: 압구정3구역 | B23: 서울특별시 강남구 압구정동 369-1 | C23: 45992 | D23: 서울특별시 강남구공고 제 2025-2711호 | E23: 1414453 | F23: 구글링 | H23: =+I23+K23+M23+N23 -> 21108000 | I23: =+J23*CY23*0.3025 -> 2658697.2 | J23: 85 | K23: =+L23*DA23*0.3025 -> 17015568 | L23: 83 | M23: =+CP23 -> 101095.5 | N23: 1332639 | P23: =+Q23+R23 -> 5887500 | Q23: =+T23*E23*0.3025 -> 4528846.2 | R23: =+Q23*S23 -> 1358653.8 | S23: =+BI23 -> 0.3 | T23: =+BJ23 -> 10.584581 | V23: 24930400 | W23: 23069157 | X23: =+V23-W23 -> 1861243 | Z23: 3 | AA23: 1,2차 | AB23: 54 | AC23: 6928 | AD23: 8166 | AE23: 176 | AF23: 46160 | AH23: =+AR23*L23*0.3025 -> 2862.255 | AI23: =+J23*AR23*0.3025 -> 2931.225 | AJ23: =+(H23-P23)/V23 -> 0.61051969 | AL23: 래미안원베일리 | AM23: 서울시 서초구 반포동 1 | AN23: 6700 | AO23: =+AF23 -> 46160 | AP23: 111.79 | AQ23: =+AN23/(AP23*0.3025) -> 198.12828 | AR23: 114 | AS23: 0.2 | AT23: =+AQ23*AR23*(1+AS23)*0.3025 -> 8198.9444 | AU23: =+AD23+AZ23 -> 6798.5746 | AV23: =+AT23-AU23 -> 1400.3698 | AZ23: =+AH23-(AC23*AJ23) -> -1367.4254 | BB23: =+AV23/AU23 -> 0.20597992 | BD23: 공사비 뽑아내기 | BF23: 5887500 | BG23: =+BF23/(1+BI23) -> 4528846.2 | BH23: =+BF23-BG23 -> 1358653.8 | BI23: 0.3 | BJ23: =+BG23/(E23*0.3025) -> 10.584581 | BO23: 3934 | BP23: =+BQ23-BO23 -> 600 | BQ23: 4534 | BR23: 522 | BS23: 80 | BT23: =+ROUND(BR23*BO23/BQ23,0) -> 453 | BU23: =+BR23-BT23 -> 69 | BV23: 486 | BW23: 114 | BX23: =+ROUND(BV23*BO23/BQ23,0) -> 422 | BY23: =+BV23-BX23 -> 64 | BZ23: 3526 | CA23: =+CW23 -> 193.97208 | CB23: =+ROUND(BZ23*BO23/BQ23,0) -> 3059 | CC23: =+BZ23-CB23 -> 467 | CE23: 641 | CG23: 511 | CH23: =+BS23 -> 80 | CI23: 130 | CJ23: =+BW23 -> 114 | CK23: =+BQ23+CE23+CF23 -> 5175 | CM23: 6 | CN23: 21108000 | CO23: =+N23 -> 1332639 | CP23: =+CM23*(CG23*CH23+CI23*CJ23)*0.3025 -> 101095.5 | CQ23: =+CN23-CO23-CP23 -> 19674266 | CR23: =+J23 -> 85 | CS23: =+L23 -> 83 | CT23: =+(CR23*BS23*BU23+CS23*BS23*BT23)*0.3025 -> 1051828.8 | CU23: =+(CR23*BW23*BY23+CS23*BW23*BX23)*0.3025 -> 1395470 | CV23: =+CQ23-CT23-CU23 -> 17226967 | CW23: =+CV23/(CR23*CC23*0.3025+CS23*CB23*0.3025) -> 193.97208 | CY23: =+(BS23*BU23+BW23*BY23+CA23*CC23) -> 103400.96 | CZ23: =+CR23*(BS23*BU23+BW23*BY23+CA23*CC23)*0.3025 -> 2658697.2 | DA23: =+(BS23*BT23+BW23*BX23+CA23*CB23) -> 677708.59 | DB23: =+CS23*(BS23*BT23+BW23*BX23+CA23*CB23)*0.3025 -> 17015568
A24: 압구정3구역 | B24: 서울특별시 강남구 압구정동 369-1 | C24: 45992 | D24: 서울특별시 강남구공고 제 2025-2711호 | E24: 1414453 | F24: 구글링 | H24: =+I24+K24+M24+N24 -> 21108000 | I24: =+J24*CY24*0.3025 -> 2658697.2 | J24: 85 | K24: =+L24*DA24*0.3025 -> 17015568 | L24: 83 | M24: =+CP24 -> 101095.5 | N24: 1332639 | P24: =+Q24+R24 -> 5887500 | Q24: =+T24*E24*0.3025 -> 4528846.2 | R24: =+Q24*S24 -> 1358653.8 | S24: =+BI24 -> 0.3 | T24: =+BJ24 -> 10.584581 | V24: 24930400 | W24: 23069157 | X24: =+V24-W24 -> 1861243 | Z24: 4 | AA24: 1,2차 | AB24: 65 | AC24: 8328 | AD24: 10666 | AE24: 211 | AF24: 46160 | AH24: =+AR24*L24*0.3025 -> 2862.255 | AI24: =+J24*AR24*0.3025 -> 2931.225 | AJ24: =+(H24-P24)/V24 -> 0.61051969 | AL24: 래미안원베일리 | AM24: 서울시 서초구 반포동 1 | AN24: 6700 | AO24: =+AF24 -> 46160 | AP24: 111.79 | AQ24: =+AN24/(AP24*0.3025) -> 198.12828 | AR24: 114 | AS24: 0.2 | AT24: =+AQ24*AR24*(1+AS24)*0.3025 -> 8198.9444 | AU24: =+AD24+AZ24 -> 8443.847 | AV24: =+AT24-AU24 -> -244.9026 | AZ24: =+AH24-(AC24*AJ24) -> -2222.153 | BB24: =+AV24/AU24 -> -0.029003675 | BD24: 공사비 뽑아내기 | BF24: 5887500 | BG24: =+BF24/(1+BI24) -> 4528846.2 | BH24: =+BF24-BG24 -> 1358653.8 | BI24: 0.3 | BJ24: =+BG24/(E24*0.3025) -> 10.584581 | BO24: 3934 | BP24: =+BQ24-BO24 -> 600 | BQ24: 4534 | BR24: 522 | BS24: 80 | BT24: =+ROUND(BR24*BO24/BQ24,0) -> 453 | BU24: =+BR24-BT24 -> 69 | BV24: 486 | BW24: 114 | BX24: =+ROUND(BV24*BO24/BQ24,0) -> 422 | BY24: =+BV24-BX24 -> 64 | BZ24: 3526 | CA24: =+CW24 -> 193.97208 | CB24: =+ROUND(BZ24*BO24/BQ24,0) -> 3059 | CC24: =+BZ24-CB24 -> 467 | CE24: 641 | CG24: 511 | CH24: =+BS24 -> 80 | CI24: 130 | CJ24: =+BW24 -> 114 | CK24: =+BQ24+CE24+CF24 -> 5175 | CM24: 6 | CN24: 21108000 | CO24: =+N24 -> 1332639 | CP24: =+CM24*(CG24*CH24+CI24*CJ24)*0.3025 -> 101095.5 | CQ24: =+CN24-CO24-CP24 -> 19674266 | CR24: =+J24 -> 85 | CS24: =+L24 -> 83 | CT24: =+(CR24*BS24*BU24+CS24*BS24*BT24)*0.3025 -> 1051828.8 | CU24: =+(CR24*BW24*BY24+CS24*BW24*BX24)*0.3025 -> 1395470 | CV24: =+CQ24-CT24-CU24 -> 17226967 | CW24: =+CV24/(CR24*CC24*0.3025+CS24*CB24*0.3025) -> 193.97208 | CY24: =+(BS24*BU24+BW24*BY24+CA24*CC24) -> 103400.96 | CZ24: =+CR24*(BS24*BU24+BW24*BY24+CA24*CC24)*0.3025 -> 2658697.2 | DA24: =+(BS24*BT24+BW24*BX24+CA24*CB24) -> 677708.59 | DB24: =+CS24*(BS24*BT24+BW24*BX24+CA24*CB24)*0.3025 -> 17015568
A25: 압구정3구역 | B25: 서울특별시 강남구 압구정동 369-1 | C25: 45992 | D25: 서울특별시 강남구공고 제 2025-2711호 | E25: 1414453 | F25: 구글링 | H25: =+I25+K25+M25+N25 -> 21108000 | I25: =+J25*CY25*0.3025 -> 2658697.2 | J25: 85 | K25: =+L25*DA25*0.3025 -> 17015568 | L25: 83 | M25: =+CP25 -> 101095.5 | N25: 1332639 | P25: =+Q25+R25 -> 5887500 | Q25: =+T25*E25*0.3025 -> 4528846.2 | R25: =+Q25*S25 -> 1358653.8 | S25: =+BI25 -> 0.3 | T25: =+BJ25 -> 10.584581 | V25: 24930400 | W25: 23069157 | X25: =+V25-W25 -> 1861243 | Z25: 5 | AA25: 3차 | AB25: 33 | AC25: 4091 | AD25: 5150 | AE25: 108 | AF25: 46160 | AH25: =+AR25*L25*0.3025 -> 2862.255 | AI25: =+J25*AR25*0.3025 -> 2931.225 | AJ25: =+(H25-P25)/V25 -> 0.61051969 | AL25: 래미안원베일리 | AM25: 서울시 서초구 반포동 1 | AN25: 6700 | AO25: =+AF25 -> 46160 | AP25: 111.79 | AQ25: =+AN25/(AP25*0.3025) -> 198.12828 | AR25: 114 | AS25: 0.2 | AT25: =+AQ25*AR25*(1+AS25)*0.3025 -> 8198.9444 | AU25: =+AD25+AZ25 -> 5514.619 | AV25: =+AT25-AU25 -> 2684.3255 | AZ25: =+AH25-(AC25*AJ25) -> 364.61896 | BB25: =+AV25/AU25 -> 0.48676536 | BD25: 공사비 뽑아내기 | BF25: 5887500 | BG25: =+BF25/(1+BI25) -> 4528846.2 | BH25: =+BF25-BG25 -> 1358653.8 | BI25: 0.3 | BJ25: =+BG25/(E25*0.3025) -> 10.584581 | BO25: 3934 | BP25: =+BQ25-BO25 -> 600 | BQ25: 4534 | BR25: 522 | BS25: 80 | BT25: =+ROUND(BR25*BO25/BQ25,0) -> 453 | BU25: =+BR25-BT25 -> 69 | BV25: 486 | BW25: 114 | BX25: =+ROUND(BV25*BO25/BQ25,0) -> 422 | BY25: =+BV25-BX25 -> 64 | BZ25: 3526 | CA25: =+CW25 -> 193.97208 | CB25: =+ROUND(BZ25*BO25/BQ25,0) -> 3059 | CC25: =+BZ25-CB25 -> 467 | CE25: 641 | CG25: 511 | CH25: =+BS25 -> 80 | CI25: 130 | CJ25: =+BW25 -> 114 | CK25: =+BQ25+CE25+CF25 -> 5175 | CM25: 6 | CN25: 21108000 | CO25: =+N25 -> 1332639 | CP25: =+CM25*(CG25*CH25+CI25*CJ25)*0.3025 -> 101095.5 | CQ25: =+CN25-CO25-CP25 -> 19674266 | CR25: =+J25 -> 85 | CS25: =+L25 -> 83 | CT25: =+(CR25*BS25*BU25+CS25*BS25*BT25)*0.3025 -> 1051828.8 | CU25: =+(CR25*BW25*BY25+CS25*BW25*BX25)*0.3025 -> 1395470 | CV25: =+CQ25-CT25-CU25 -> 17226967 | CW25: =+CV25/(CR25*CC25*0.3025+CS25*CB25*0.3025) -> 193.97208 | CY25: =+(BS25*BU25+BW25*BY25+CA25*CC25) -> 103400.96 | CZ25: =+CR25*(BS25*BU25+BW25*BY25+CA25*CC25)*0.3025 -> 2658697.2 | DA25: =+(BS25*BT25+BW25*BX25+CA25*CB25) -> 677708.59 | DB25: =+CS25*(BS25*BT25+BW25*BX25+CA25*CB25)*0.3025 -> 17015568
A26: 압구정3구역 | B26: 서울특별시 강남구 압구정동 369-1 | C26: 45992 | D26: 서울특별시 강남구공고 제 2025-2711호 | E26: 1414453 | F26: 구글링 | H26: =+I26+K26+M26+N26 -> 21108000 | I26: =+J26*CY26*0.3025 -> 2658697.2 | J26: 85 | K26: =+L26*DA26*0.3025 -> 17015568 | L26: 83 | M26: =+CP26 -> 101095.5 | N26: 1332639 | P26: =+Q26+R26 -> 5887500 | Q26: =+T26*E26*0.3025 -> 4528846.2 | R26: =+Q26*S26 -> 1358653.8 | S26: =+BI26 -> 0.3 | T26: =+BJ26 -> 10.584581 | V26: 24930400 | W26: 23069157 | X26: =+V26-W26 -> 1861243 | Z26: 6 | AA26: 4차 | AB26: 44 | AC26: 5989 | AD26: 7300 | AE26: 140 | AF26: 46160 | AH26: =+AR26*L26*0.3025 -> 2862.255 | AI26: =+J26*AR26*0.3025 -> 2931.225 | AJ26: =+(H26-P26)/V26 -> 0.61051969 | AL26: 래미안원베일리 | AM26: 서울시 서초구 반포동 1 | AN26: 6700 | AO26: =+AF26 -> 46160 | AP26: 111.79 | AQ26: =+AN26/(AP26*0.3025) -> 198.12828 | AR26: 114 | AS26: 0.2 | AT26: =+AQ26*AR26*(1+AS26)*0.3025 -> 8198.9444 | AU26: =+AD26+AZ26 -> 6505.8526 | AV26: =+AT26-AU26 -> 1693.0919 | AZ26: =+AH26-(AC26*AJ26) -> -794.1474 | BB26: =+AV26/AU26 -> 0.26024135 | BD26: 공사비 뽑아내기 | BF26: 5887500 | BG26: =+BF26/(1+BI26) -> 4528846.2 | BH26: =+BF26-BG26 -> 1358653.8 | BI26: 0.3 | BJ26: =+BG26/(E26*0.3025) -> 10.584581 | BO26: 3934 | BP26: =+BQ26-BO26 -> 600 | BQ26: 4534 | BR26: 522 | BS26: 80 | BT26: =+ROUND(BR26*BO26/BQ26,0) -> 453 | BU26: =+BR26-BT26 -> 69 | BV26: 486 | BW26: 114 | BX26: =+ROUND(BV26*BO26/BQ26,0) -> 422 | BY26: =+BV26-BX26 -> 64 | BZ26: 3526 | CA26: =+CW26 -> 193.97208 | CB26: =+ROUND(BZ26*BO26/BQ26,0) -> 3059 | CC26: =+BZ26-CB26 -> 467 | CE26: 641 | CG26: 511 | CH26: =+BS26 -> 80 | CI26: 130 | CJ26: =+BW26 -> 114 | CK26: =+BQ26+CE26+CF26 -> 5175 | CM26: 6 | CN26: 21108000 | CO26: =+N26 -> 1332639 | CP26: =+CM26*(CG26*CH26+CI26*CJ26)*0.3025 -> 101095.5 | CQ26: =+CN26-CO26-CP26 -> 19674266 | CR26: =+J26 -> 85 | CS26: =+L26 -> 83 | CT26: =+(CR26*BS26*BU26+CS26*BS26*BT26)*0.3025 -> 1051828.8 | CU26: =+(CR26*BW26*BY26+CS26*BW26*BX26)*0.3025 -> 1395470 | CV26: =+CQ26-CT26-CU26 -> 17226967 | CW26: =+CV26/(CR26*CC26*0.3025+CS26*CB26*0.3025) -> 193.97208 | CY26: =+(BS26*BU26+BW26*BY26+CA26*CC26) -> 103400.96 | CZ26: =+CR26*(BS26*BU26+BW26*BY26+CA26*CC26)*0.3025 -> 2658697.2 | DA26: =+(BS26*BT26+BW26*BX26+CA26*CB26) -> 677708.59 | DB26: =+CS26*(BS26*BT26+BW26*BX26+CA26*CB26)*0.3025 -> 17015568
A27: 압구정3구역 | B27: 서울특별시 강남구 압구정동 369-1 | C27: 45992 | D27: 서울특별시 강남구공고 제 2025-2711호 | E27: 1414453 | F27: 구글링 | H27: =+I27+K27+M27+N27 -> 21108000 | I27: =+J27*CY27*0.3025 -> 2658697.2 | J27: 85 | K27: =+L27*DA27*0.3025 -> 17015568 | L27: 83 | M27: =+CP27 -> 101095.5 | N27: 1332639 | P27: =+Q27+R27 -> 5887500 | Q27: =+T27*E27*0.3025 -> 4528846.2 | R27: =+Q27*S27 -> 1358653.8 | S27: =+BI27 -> 0.3 | T27: =+BJ27 -> 10.584581 | V27: 24930400 | W27: 23069157 | X27: =+V27-W27 -> 1861243 | Z27: 7 | AA27: 5차 | AB27: 35 | AC27: 4259 | AD27: 6100 | AE27: 113 | AF27: 46160 | AH27: =+AR27*L27*0.3025 -> 2862.255 | AI27: =+J27*AR27*0.3025 -> 2931.225 | AJ27: =+(H27-P27)/V27 -> 0.61051969 | AL27: 래미안원베일리 | AM27: 서울시 서초구 반포동 1 | AN27: 6700 | AO27: =+AF27 -> 46160 | AP27: 111.79 | AQ27: =+AN27/(AP27*0.3025) -> 198.12828 | AR27: 114 | AS27: 0.2 | AT27: =+AQ27*AR27*(1+AS27)*0.3025 -> 8198.9444 | AU27: =+AD27+AZ27 -> 6362.0517 | AV27: =+AT27-AU27 -> 1836.8928 | AZ27: =+AH27-(AC27*AJ27) -> 262.05165 | BB27: =+AV27/AU27 -> 0.28872648 | BD27: 공사비 뽑아내기 | BF27: 5887500 | BG27: =+BF27/(1+BI27) -> 4528846.2 | BH27: =+BF27-BG27 -> 1358653.8 | BI27: 0.3 | BJ27: =+BG27/(E27*0.3025) -> 10.584581 | BO27: 3934 | BP27: =+BQ27-BO27 -> 600 | BQ27: 4534 | BR27: 522 | BS27: 80 | BT27: =+ROUND(BR27*BO27/BQ27,0) -> 453 | BU27: =+BR27-BT27 -> 69 | BV27: 486 | BW27: 114 | BX27: =+ROUND(BV27*BO27/BQ27,0) -> 422 | BY27: =+BV27-BX27 -> 64 | BZ27: 3526 | CA27: =+CW27 -> 193.97208 | CB27: =+ROUND(BZ27*BO27/BQ27,0) -> 3059 | CC27: =+BZ27-CB27 -> 467 | CE27: 641 | CG27: 511 | CH27: =+BS27 -> 80 | CI27: 130 | CJ27: =+BW27 -> 114 | CK27: =+BQ27+CE27+CF27 -> 5175 | CM27: 6 | CN27: 21108000 | CO27: =+N27 -> 1332639 | CP27: =+CM27*(CG27*CH27+CI27*CJ27)*0.3025 -> 101095.5 | CQ27: =+CN27-CO27-CP27 -> 19674266 | CR27: =+J27 -> 85 | CS27: =+L27 -> 83 | CT27: =+(CR27*BS27*BU27+CS27*BS27*BT27)*0.3025 -> 1051828.8 | CU27: =+(CR27*BW27*BY27+CS27*BW27*BX27)*0.3025 -> 1395470 | CV27: =+CQ27-CT27-CU27 -> 17226967 | CW27: =+CV27/(CR27*CC27*0.3025+CS27*CB27*0.3025) -> 193.97208 | CY27: =+(BS27*BU27+BW27*BY27+CA27*CC27) -> 103400.96 | CZ27: =+CR27*(BS27*BU27+BW27*BY27+CA27*CC27)*0.3025 -> 2658697.2 | DA27: =+(BS27*BT27+BW27*BX27+CA27*CB27) -> 677708.59 | DB27: =+CS27*(BS27*BT27+BW27*BX27+CA27*CB27)*0.3025 -> 17015568
A28: 압구정3구역 | B28: 서울특별시 강남구 압구정동 369-1 | C28: 45992 | D28: 서울특별시 강남구공고 제 2025-2711호 | E28: 1414453 | F28: 구글링 | H28: =+I28+K28+M28+N28 -> 21108000 | I28: =+J28*CY28*0.3025 -> 2658697.2 | J28: 85 | K28: =+L28*DA28*0.3025 -> 17015568 | L28: 83 | M28: =+CP28 -> 101095.5 | N28: 1332639 | P28: =+Q28+R28 -> 5887500 | Q28: =+T28*E28*0.3025 -> 4528846.2 | R28: =+Q28*S28 -> 1358653.8 | S28: =+BI28 -> 0.3 | T28: =+BJ28 -> 10.584581 | V28: 24930400 | W28: 23069157 | X28: =+V28-W28 -> 1861243 | Z28: 8 | AA28: 6,7차 | AB28: 48 | AC28: 5798 | AD28: 7400 | AE28: 156 | AF28: 46160 | AH28: =+AR28*L28*0.3025 -> 2862.255 | AI28: =+J28*AR28*0.3025 -> 2931.225 | AJ28: =+(H28-P28)/V28 -> 0.61051969 | AL28: 래미안원베일리 | AM28: 서울시 서초구 반포동 1 | AN28: 6700 | AO28: =+AF28 -> 46160 | AP28: 111.79 | AQ28: =+AN28/(AP28*0.3025) -> 198.12828 | AR28: 114 | AS28: 0.2 | AT28: =+AQ28*AR28*(1+AS28)*0.3025 -> 8198.9444 | AU28: =+AD28+AZ28 -> 6722.4619 | AV28: =+AT28-AU28 -> 1476.4826 | AZ28: =+AH28-(AC28*AJ28) -> -677.53814 | BB28: =+AV28/AU28 -> 0.21963421 | BD28: 공사비 뽑아내기 | BF28: 5887500 | BG28: =+BF28/(1+BI28) -> 4528846.2 | BH28: =+BF28-BG28 -> 1358653.8 | BI28: 0.3 | BJ28: =+BG28/(E28*0.3025) -> 10.584581 | BO28: 3934 | BP28: =+BQ28-BO28 -> 600 | BQ28: 4534 | BR28: 522 | BS28: 80 | BT28: =+ROUND(BR28*BO28/BQ28,0) -> 453 | BU28: =+BR28-BT28 -> 69 | BV28: 486 | BW28: 114 | BX28: =+ROUND(BV28*BO28/BQ28,0) -> 422 | BY28: =+BV28-BX28 -> 64 | BZ28: 3526 | CA28: =+CW28 -> 193.97208 | CB28: =+ROUND(BZ28*BO28/BQ28,0) -> 3059 | CC28: =+BZ28-CB28 -> 467 | CE28: 641 | CG28: 511 | CH28: =+BS28 -> 80 | CI28: 130 | CJ28: =+BW28 -> 114 | CK28: =+BQ28+CE28+CF28 -> 5175 | CM28: 6 | CN28: 21108000 | CO28: =+N28 -> 1332639 | CP28: =+CM28*(CG28*CH28+CI28*CJ28)*0.3025 -> 101095.5 | CQ28: =+CN28-CO28-CP28 -> 19674266 | CR28: =+J28 -> 85 | CS28: =+L28 -> 83 | CT28: =+(CR28*BS28*BU28+CS28*BS28*BT28)*0.3025 -> 1051828.8 | CU28: =+(CR28*BW28*BY28+CS28*BW28*BX28)*0.3025 -> 1395470 | CV28: =+CQ28-CT28-CU28 -> 17226967 | CW28: =+CV28/(CR28*CC28*0.3025+CS28*CB28*0.3025) -> 193.97208 | CY28: =+(BS28*BU28+BW28*BY28+CA28*CC28) -> 103400.96 | CZ28: =+CR28*(BS28*BU28+BW28*BY28+CA28*CC28)*0.3025 -> 2658697.2 | DA28: =+(BS28*BT28+BW28*BX28+CA28*CB28) -> 677708.59 | DB28: =+CS28*(BS28*BT28+BW28*BX28+CA28*CB28)*0.3025 -> 17015568
A29: 압구정3구역 | B29: 서울특별시 강남구 압구정동 369-1 | C29: 45992 | D29: 서울특별시 강남구공고 제 2025-2711호 | E29: 1414453 | F29: 구글링 | H29: =+I29+K29+M29+N29 -> 21108000 | I29: =+J29*CY29*0.3025 -> 2658697.2 | J29: 85 | K29: =+L29*DA29*0.3025 -> 17015568 | L29: 83 | M29: =+CP29 -> 101095.5 | N29: 1332639 | P29: =+Q29+R29 -> 5887500 | Q29: =+T29*E29*0.3025 -> 4528846.2 | R29: =+Q29*S29 -> 1358653.8 | S29: =+BI29 -> 0.3 | T29: =+BJ29 -> 10.584581 | V29: 24930400 | W29: 23069157 | X29: =+V29-W29 -> 1861243 | Z29: 9 | AA29: 6,7차 | AB29: 53 | AC29: 6373 | AD29: 8366 | AE29: 170 | AF29: 46160 | AH29: =+AR29*L29*0.3025 -> 2862.255 | AI29: =+J29*AR29*0.3025 -> 2931.225 | AJ29: =+(H29-P29)/V29 -> 0.61051969 | AL29: 래미안원베일리 | AM29: 서울시 서초구 반포동 1 | AN29: 6700 | AO29: =+AF29 -> 46160 | AP29: 111.79 | AQ29: =+AN29/(AP29*0.3025) -> 198.12828 | AR29: 114 | AS29: 0.2 | AT29: =+AQ29*AR29*(1+AS29)*0.3025 -> 8198.9444 | AU29: =+AD29+AZ29 -> 7337.413 | AV29: =+AT29-AU29 -> 861.53141 | AZ29: =+AH29-(AC29*AJ29) -> -1028.587 | BB29: =+AV29/AU29 -> 0.11741624 | BD29: 공사비 뽑아내기 | BF29: 5887500 | BG29: =+BF29/(1+BI29) -> 4528846.2 | BH29: =+BF29-BG29 -> 1358653.8 | BI29: 0.3 | BJ29: =+BG29/(E29*0.3025) -> 10.584581 | BO29: 3934 | BP29: =+BQ29-BO29 -> 600 | BQ29: 4534 | BR29: 522 | BS29: 80 | BT29: =+ROUND(BR29*BO29/BQ29,0) -> 453 | BU29: =+BR29-BT29 -> 69 | BV29: 486 | BW29: 114 | BX29: =+ROUND(BV29*BO29/BQ29,0) -> 422 | BY29: =+BV29-BX29 -> 64 | BZ29: 3526 | CA29: =+CW29 -> 193.97208 | CB29: =+ROUND(BZ29*BO29/BQ29,0) -> 3059 | CC29: =+BZ29-CB29 -> 467 | CE29: 641 | CG29: 511 | CH29: =+BS29 -> 80 | CI29: 130 | CJ29: =+BW29 -> 114 | CK29: =+BQ29+CE29+CF29 -> 5175 | CM29: 6 | CN29: 21108000 | CO29: =+N29 -> 1332639 | CP29: =+CM29*(CG29*CH29+CI29*CJ29)*0.3025 -> 101095.5 | CQ29: =+CN29-CO29-CP29 -> 19674266 | CR29: =+J29 -> 85 | CS29: =+L29 -> 83 | CT29: =+(CR29*BS29*BU29+CS29*BS29*BT29)*0.3025 -> 1051828.8 | CU29: =+(CR29*BW29*BY29+CS29*BW29*BX29)*0.3025 -> 1395470 | CV29: =+CQ29-CT29-CU29 -> 17226967 | CW29: =+CV29/(CR29*CC29*0.3025+CS29*CB29*0.3025) -> 193.97208 | CY29: =+(BS29*BU29+BW29*BY29+CA29*CC29) -> 103400.96 | CZ29: =+CR29*(BS29*BU29+BW29*BY29+CA29*CC29)*0.3025 -> 2658697.2 | DA29: =+(BS29*BT29+BW29*BX29+CA29*CB29) -> 677708.59 | DB29: =+CS29*(BS29*BT29+BW29*BX29+CA29*CB29)*0.3025 -> 17015568
A30: 압구정3구역 | B30: 서울특별시 강남구 압구정동 369-1 | C30: 45992 | D30: 서울특별시 강남구공고 제 2025-2711호 | E30: 1414453 | F30: 구글링 | H30: =+I30+K30+M30+N30 -> 21108000 | I30: =+J30*CY30*0.3025 -> 2658697.2 | J30: 85 | K30: =+L30*DA30*0.3025 -> 17015568 | L30: 83 | M30: =+CP30 -> 101095.5 | N30: 1332639 | P30: =+Q30+R30 -> 5887500 | Q30: =+T30*E30*0.3025 -> 4528846.2 | R30: =+Q30*S30 -> 1358653.8 | S30: =+BI30 -> 0.3 | T30: =+BJ30 -> 10.584581 | V30: 24930400 | W30: 23069157 | X30: =+V30-W30 -> 1861243 | Z30: 10 | AA30: 6,7차 | AB30: 65 | AC30: 7979 | AD30: 9800 | AE30: 212 | AF30: 46160 | AH30: =+AR30*L30*0.3025 -> 2862.255 | AI30: =+J30*AR30*0.3025 -> 2931.225 | AJ30: =+(H30-P30)/V30 -> 0.61051969 | AL30: 래미안원베일리 | AM30: 서울시 서초구 반포동 1 | AN30: 6700 | AO30: =+AF30 -> 46160 | AP30: 111.79 | AQ30: =+AN30/(AP30*0.3025) -> 198.12828 | AR30: 114 | AS30: 0.2 | AT30: =+AQ30*AR30*(1+AS30)*0.3025 -> 8198.9444 | AU30: =+AD30+AZ30 -> 7790.9184 | AV30: =+AT30-AU30 -> 408.02603 | AZ30: =+AH30-(AC30*AJ30) -> -2009.0816 | BB30: =+AV30/AU30 -> 0.052372007 | BD30: 공사비 뽑아내기 | BF30: 5887500 | BG30: =+BF30/(1+BI30) -> 4528846.2 | BH30: =+BF30-BG30 -> 1358653.8 | BI30: 0.3 | BJ30: =+BG30/(E30*0.3025) -> 10.584581 | BO30: 3934 | BP30: =+BQ30-BO30 -> 600 | BQ30: 4534 | BR30: 522 | BS30: 80 | BT30: =+ROUND(BR30*BO30/BQ30,0) -> 453 | BU30: =+BR30-BT30 -> 69 | BV30: 486 | BW30: 114 | BX30: =+ROUND(BV30*BO30/BQ30,0) -> 422 | BY30: =+BV30-BX30 -> 64 | BZ30: 3526 | CA30: =+CW30 -> 193.97208 | CB30: =+ROUND(BZ30*BO30/BQ30,0) -> 3059 | CC30: =+BZ30-CB30 -> 467 | CE30: 641 | CG30: 511 | CH30: =+BS30 -> 80 | CI30: 130 | CJ30: =+BW30 -> 114 | CK30: =+BQ30+CE30+CF30 -> 5175 | CM30: 6 | CN30: 21108000 | CO30: =+N30 -> 1332639 | CP30: =+CM30*(CG30*CH30+CI30*CJ30)*0.3025 -> 101095.5 | CQ30: =+CN30-CO30-CP30 -> 19674266 | CR30: =+J30 -> 85 | CS30: =+L30 -> 83 | CT30: =+(CR30*BS30*BU30+CS30*BS30*BT30)*0.3025 -> 1051828.8 | CU30: =+(CR30*BW30*BY30+CS30*BW30*BX30)*0.3025 -> 1395470 | CV30: =+CQ30-CT30-CU30 -> 17226967 | CW30: =+CV30/(CR30*CC30*0.3025+CS30*CB30*0.3025) -> 193.97208 | CY30: =+(BS30*BU30+BW30*BY30+CA30*CC30) -> 103400.96 | CZ30: =+CR30*(BS30*BU30+BW30*BY30+CA30*CC30)*0.3025 -> 2658697.2 | DA30: =+(BS30*BT30+BW30*BX30+CA30*CB30) -> 677708.59 | DB30: =+CS30*(BS30*BT30+BW30*BX30+CA30*CB30)*0.3025 -> 17015568
A31: 압구정3구역 | B31: 서울특별시 강남구 압구정동 369-1 | C31: 45992 | D31: 서울특별시 강남구공고 제 2025-2711호 | E31: 1414453 | F31: 구글링 | H31: =+I31+K31+M31+N31 -> 21108000 | I31: =+J31*CY31*0.3025 -> 2658697.2 | J31: 85 | K31: =+L31*DA31*0.3025 -> 17015568 | L31: 83 | M31: =+CP31 -> 101095.5 | N31: 1332639 | P31: =+Q31+R31 -> 5887500 | Q31: =+T31*E31*0.3025 -> 4528846.2 | R31: =+Q31*S31 -> 1358653.8 | S31: =+BI31 -> 0.3 | T31: =+BJ31 -> 10.584581 | V31: 24930400 | W31: 23069157 | X31: =+V31-W31 -> 1861243 | Z31: 11 | AA31: 6,7차 | AB31: 80 | AC31: 9995 | AD31: 12500 | AE31: 264 | AF31: 46160 | AH31: =+AR31*L31*0.3025 -> 2862.255 | AI31: =+J31*AR31*0.3025 -> 2931.225 | AJ31: =+(H31-P31)/V31 -> 0.61051969 | AL31: 래미안원베일리 | AM31: 서울시 서초구 반포동 1 | AN31: 6700 | AO31: =+AF31 -> 46160 | AP31: 111.79 | AQ31: =+AN31/(AP31*0.3025) -> 198.12828 | AR31: 114 | AS31: 0.2 | AT31: =+AQ31*AR31*(1+AS31)*0.3025 -> 8198.9444 | AU31: =+AD31+AZ31 -> 9260.1107 | AV31: =+AT31-AU31 -> -1061.1663 | AZ31: =+AH31-(AC31*AJ31) -> -3239.8893 | BB31: =+AV31/AU31 -> -0.11459542 | BD31: 공사비 뽑아내기 | BF31: 5887500 | BG31: =+BF31/(1+BI31) -> 4528846.2 | BH31: =+BF31-BG31 -> 1358653.8 | BI31: 0.3 | BJ31: =+BG31/(E31*0.3025) -> 10.584581 | BO31: 3934 | BP31: =+BQ31-BO31 -> 600 | BQ31: 4534 | BR31: 522 | BS31: 80 | BT31: =+ROUND(BR31*BO31/BQ31,0) -> 453 | BU31: =+BR31-BT31 -> 69 | BV31: 486 | BW31: 114 | BX31: =+ROUND(BV31*BO31/BQ31,0) -> 422 | BY31: =+BV31-BX31 -> 64 | BZ31: 3526 | CA31: =+CW31 -> 193.97208 | CB31: =+ROUND(BZ31*BO31/BQ31,0) -> 3059 | CC31: =+BZ31-CB31 -> 467 | CE31: 641 | CG31: 511 | CH31: =+BS31 -> 80 | CI31: 130 | CJ31: =+BW31 -> 114 | CK31: =+BQ31+CE31+CF31 -> 5175 | CM31: 6 | CN31: 21108000 | CO31: =+N31 -> 1332639 | CP31: =+CM31*(CG31*CH31+CI31*CJ31)*0.3025 -> 101095.5 | CQ31: =+CN31-CO31-CP31 -> 19674266 | CR31: =+J31 -> 85 | CS31: =+L31 -> 83 | CT31: =+(CR31*BS31*BU31+CS31*BS31*BT31)*0.3025 -> 1051828.8 | CU31: =+(CR31*BW31*BY31+CS31*BW31*BX31)*0.3025 -> 1395470 | CV31: =+CQ31-CT31-CU31 -> 17226967 | CW31: =+CV31/(CR31*CC31*0.3025+CS31*CB31*0.3025) -> 193.97208 | CY31: =+(BS31*BU31+BW31*BY31+CA31*CC31) -> 103400.96 | CZ31: =+CR31*(BS31*BU31+BW31*BY31+CA31*CC31)*0.3025 -> 2658697.2 | DA31: =+(BS31*BT31+BW31*BX31+CA31*CB31) -> 677708.59 | DB31: =+CS31*(BS31*BT31+BW31*BX31+CA31*CB31)*0.3025 -> 17015568
A32: 압구정3구역 | B32: 서울특별시 강남구 압구정동 369-1 | C32: 45992 | D32: 서울특별시 강남구공고 제 2025-2711호 | E32: 1414453 | F32: 구글링 | H32: =+I32+K32+M32+N32 -> 21108000 | I32: =+J32*CY32*0.3025 -> 2658697.2 | J32: 85 | K32: =+L32*DA32*0.3025 -> 17015568 | L32: 83 | M32: =+CP32 -> 101095.5 | N32: 1332639 | P32: =+Q32+R32 -> 5887500 | Q32: =+T32*E32*0.3025 -> 4528846.2 | R32: =+Q32*S32 -> 1358653.8 | S32: =+BI32 -> 0.3 | T32: =+BJ32 -> 10.584581 | V32: 24930400 | W32: 23069157 | X32: =+V32-W32 -> 1861243 | Z32: 12 | AA32: 10차 | AB32: 36 | AC32: 4337 | AD32: 6200 | AE32: 115 | AF32: 46160 | AH32: =+AR32*L32*0.3025 -> 2862.255 | AI32: =+J32*AR32*0.3025 -> 2931.225 | AJ32: =+(H32-P32)/V32 -> 0.61051969 | AL32: 래미안원베일리 | AM32: 서울시 서초구 반포동 1 | AN32: 6700 | AO32: =+AF32 -> 46160 | AP32: 111.79 | AQ32: =+AN32/(AP32*0.3025) -> 198.12828 | AR32: 114 | AS32: 0.2 | AT32: =+AQ32*AR32*(1+AS32)*0.3025 -> 8198.9444 | AU32: =+AD32+AZ32 -> 6414.4311 | AV32: =+AT32-AU32 -> 1784.5133 | AZ32: =+AH32-(AC32*AJ32) -> 214.43112 | BB32: =+AV32/AU32 -> 0.2782029 | BD32: 공사비 뽑아내기 | BF32: 5887500 | BG32: =+BF32/(1+BI32) -> 4528846.2 | BH32: =+BF32-BG32 -> 1358653.8 | BI32: 0.3 | BJ32: =+BG32/(E32*0.3025) -> 10.584581 | BO32: 3934 | BP32: =+BQ32-BO32 -> 600 | BQ32: 4534 | BR32: 522 | BS32: 80 | BT32: =+ROUND(BR32*BO32/BQ32,0) -> 453 | BU32: =+BR32-BT32 -> 69 | BV32: 486 | BW32: 114 | BX32: =+ROUND(BV32*BO32/BQ32,0) -> 422 | BY32: =+BV32-BX32 -> 64 | BZ32: 3526 | CA32: =+CW32 -> 193.97208 | CB32: =+ROUND(BZ32*BO32/BQ32,0) -> 3059 | CC32: =+BZ32-CB32 -> 467 | CE32: 641 | CG32: 511 | CH32: =+BS32 -> 80 | CI32: 130 | CJ32: =+BW32 -> 114 | CK32: =+BQ32+CE32+CF32 -> 5175 | CM32: 6 | CN32: 21108000 | CO32: =+N32 -> 1332639 | CP32: =+CM32*(CG32*CH32+CI32*CJ32)*0.3025 -> 101095.5 | CQ32: =+CN32-CO32-CP32 -> 19674266 | CR32: =+J32 -> 85 | CS32: =+L32 -> 83 | CT32: =+(CR32*BS32*BU32+CS32*BS32*BT32)*0.3025 -> 1051828.8 | CU32: =+(CR32*BW32*BY32+CS32*BW32*BX32)*0.3025 -> 1395470 | CV32: =+CQ32-CT32-CU32 -> 17226967 | CW32: =+CV32/(CR32*CC32*0.3025+CS32*CB32*0.3025) -> 193.97208 | CY32: =+(BS32*BU32+BW32*BY32+CA32*CC32) -> 103400.96 | CZ32: =+CR32*(BS32*BU32+BW32*BY32+CA32*CC32)*0.3025 -> 2658697.2 | DA32: =+(BS32*BT32+BW32*BX32+CA32*CB32) -> 677708.59 | DB32: =+CS32*(BS32*BT32+BW32*BX32+CA32*CB32)*0.3025 -> 17015568
A33: 압구정3구역 | B33: 서울특별시 강남구 압구정동 369-1 | C33: 45992 | D33: 서울특별시 강남구공고 제 2025-2711호 | E33: 1414453 | F33: 구글링 | H33: =+I33+K33+M33+N33 -> 21108000 | I33: =+J33*CY33*0.3025 -> 2658697.2 | J33: 85 | K33: =+L33*DA33*0.3025 -> 17015568 | L33: 83 | M33: =+CP33 -> 101095.5 | N33: 1332639 | P33: =+Q33+R33 -> 5887500 | Q33: =+T33*E33*0.3025 -> 4528846.2 | R33: =+Q33*S33 -> 1358653.8 | S33: =+BI33 -> 0.3 | T33: =+BJ33 -> 10.584581 | V33: 24930400 | W33: 23069157 | X33: =+V33-W33 -> 1861243 | Z33: 13 | AA33: 10차 | AB33: 50 | AC33: 6145 | AD33: 7650 | AE33: 164 | AF33: 46160 | AH33: =+AR33*L33*0.3025 -> 2862.255 | AI33: =+J33*AR33*0.3025 -> 2931.225 | AJ33: =+(H33-P33)/V33 -> 0.61051969 | AL33: 래미안원베일리 | AM33: 서울시 서초구 반포동 1 | AN33: 6700 | AO33: =+AF33 -> 46160 | AP33: 111.79 | AQ33: =+AN33/(AP33*0.3025) -> 198.12828 | AR33: 114 | AS33: 0.2 | AT33: =+AQ33*AR33*(1+AS33)*0.3025 -> 8198.9444 | AU33: =+AD33+AZ33 -> 6760.6115 | AV33: =+AT33-AU33 -> 1438.3329 | AZ33: =+AH33-(AC33*AJ33) -> -889.38848 | BB33: =+AV33/AU33 -> 0.2127519 | BD33: 공사비 뽑아내기 | BF33: 5887500 | BG33: =+BF33/(1+BI33) -> 4528846.2 | BH33: =+BF33-BG33 -> 1358653.8 | BI33: 0.3 | BJ33: =+BG33/(E33*0.3025) -> 10.584581 | BO33: 3934 | BP33: =+BQ33-BO33 -> 600 | BQ33: 4534 | BR33: 522 | BS33: 80 | BT33: =+ROUND(BR33*BO33/BQ33,0) -> 453 | BU33: =+BR33-BT33 -> 69 | BV33: 486 | BW33: 114 | BX33: =+ROUND(BV33*BO33/BQ33,0) -> 422 | BY33: =+BV33-BX33 -> 64 | BZ33: 3526 | CA33: =+CW33 -> 193.97208 | CB33: =+ROUND(BZ33*BO33/BQ33,0) -> 3059 | CC33: =+BZ33-CB33 -> 467 | CE33: 641 | CG33: 511 | CH33: =+BS33 -> 80 | CI33: 130 | CJ33: =+BW33 -> 114 | CK33: =+BQ33+CE33+CF33 -> 5175 | CM33: 6 | CN33: 21108000 | CO33: =+N33 -> 1332639 | CP33: =+CM33*(CG33*CH33+CI33*CJ33)*0.3025 -> 101095.5 | CQ33: =+CN33-CO33-CP33 -> 19674266 | CR33: =+J33 -> 85 | CS33: =+L33 -> 83 | CT33: =+(CR33*BS33*BU33+CS33*BS33*BT33)*0.3025 -> 1051828.8 | CU33: =+(CR33*BW33*BY33+CS33*BW33*BX33)*0.3025 -> 1395470 | CV33: =+CQ33-CT33-CU33 -> 17226967 | CW33: =+CV33/(CR33*CC33*0.3025+CS33*CB33*0.3025) -> 193.97208 | CY33: =+(BS33*BU33+BW33*BY33+CA33*CC33) -> 103400.96 | CZ33: =+CR33*(BS33*BU33+BW33*BY33+CA33*CC33)*0.3025 -> 2658697.2 | DA33: =+(BS33*BT33+BW33*BX33+CA33*CB33) -> 677708.59 | DB33: =+CS33*(BS33*BT33+BW33*BX33+CA33*CB33)*0.3025 -> 17015568
A34: 압구정3구역 | B34: 서울특별시 강남구 압구정동 369-1 | C34: 45992 | D34: 서울특별시 강남구공고 제 2025-2711호 | E34: 1414453 | F34: 구글링 | H34: =+I34+K34+M34+N34 -> 21108000 | I34: =+J34*CY34*0.3025 -> 2658697.2 | J34: 85 | K34: =+L34*DA34*0.3025 -> 17015568 | L34: 83 | M34: =+CP34 -> 101095.5 | N34: 1332639 | P34: =+Q34+R34 -> 5887500 | Q34: =+T34*E34*0.3025 -> 4528846.2 | R34: =+Q34*S34 -> 1358653.8 | S34: =+BI34 -> 0.3 | T34: =+BJ34 -> 10.584581 | V34: 24930400 | W34: 23069157 | X34: =+V34-W34 -> 1861243 | Z34: 14 | AA34: 13차 | AB34: 36A | AC34: 4660 | AD34: 6150 | AE34: 116 | AF34: 46160 | AH34: =+AR34*L34*0.3025 -> 2862.255 | AI34: =+J34*AR34*0.3025 -> 2931.225 | AJ34: =+(H34-P34)/V34 -> 0.61051969 | AL34: 래미안원베일리 | AM34: 서울시 서초구 반포동 1 | AN34: 6700 | AO34: =+AF34 -> 46160 | AP34: 111.79 | AQ34: =+AN34/(AP34*0.3025) -> 198.12828 | AR34: 114 | AS34: 0.2 | AT34: =+AQ34*AR34*(1+AS34)*0.3025 -> 8198.9444 | AU34: =+AD34+AZ34 -> 6167.2333 | AV34: =+AT34-AU34 -> 2031.7112 | AZ34: =+AH34-(AC34*AJ34) -> 17.233259 | BB34: =+AV34/AU34 -> 0.32943641 | BD34: 공사비 뽑아내기 | BF34: 5887500 | BG34: =+BF34/(1+BI34) -> 4528846.2 | BH34: =+BF34-BG34 -> 1358653.8 | BI34: 0.3 | BJ34: =+BG34/(E34*0.3025) -> 10.584581 | BO34: 3934 | BP34: =+BQ34-BO34 -> 600 | BQ34: 4534 | BR34: 522 | BS34: 80 | BT34: =+ROUND(BR34*BO34/BQ34,0) -> 453 | BU34: =+BR34-BT34 -> 69 | BV34: 486 | BW34: 114 | BX34: =+ROUND(BV34*BO34/BQ34,0) -> 422 | BY34: =+BV34-BX34 -> 64 | BZ34: 3526 | CA34: =+CW34 -> 193.97208 | CB34: =+ROUND(BZ34*BO34/BQ34,0) -> 3059 | CC34: =+BZ34-CB34 -> 467 | CE34: 641 | CG34: 511 | CH34: =+BS34 -> 80 | CI34: 130 | CJ34: =+BW34 -> 114 | CK34: =+BQ34+CE34+CF34 -> 5175 | CM34: 6 | CN34: 21108000 | CO34: =+N34 -> 1332639 | CP34: =+CM34*(CG34*CH34+CI34*CJ34)*0.3025 -> 101095.5 | CQ34: =+CN34-CO34-CP34 -> 19674266 | CR34: =+J34 -> 85 | CS34: =+L34 -> 83 | CT34: =+(CR34*BS34*BU34+CS34*BS34*BT34)*0.3025 -> 1051828.8 | CU34: =+(CR34*BW34*BY34+CS34*BW34*BX34)*0.3025 -> 1395470 | CV34: =+CQ34-CT34-CU34 -> 17226967 | CW34: =+CV34/(CR34*CC34*0.3025+CS34*CB34*0.3025) -> 193.97208 | CY34: =+(BS34*BU34+BW34*BY34+CA34*CC34) -> 103400.96 | CZ34: =+CR34*(BS34*BU34+BW34*BY34+CA34*CC34)*0.3025 -> 2658697.2 | DA34: =+(BS34*BT34+BW34*BX34+CA34*CB34) -> 677708.59 | DB34: =+CS34*(BS34*BT34+BW34*BX34+CA34*CB34)*0.3025 -> 17015568
A35: 압구정3구역 | B35: 서울특별시 강남구 압구정동 369-1 | C35: 45992 | D35: 서울특별시 강남구공고 제 2025-2711호 | E35: 1414453 | F35: 구글링 | H35: =+I35+K35+M35+N35 -> 21108000 | I35: =+J35*CY35*0.3025 -> 2658697.2 | J35: 85 | K35: =+L35*DA35*0.3025 -> 17015568 | L35: 83 | M35: =+CP35 -> 101095.5 | N35: 1332639 | P35: =+Q35+R35 -> 5887500 | Q35: =+T35*E35*0.3025 -> 4528846.2 | R35: =+Q35*S35 -> 1358653.8 | S35: =+BI35 -> 0.3 | T35: =+BJ35 -> 10.584581 | V35: 24930400 | W35: 23069157 | X35: =+V35-W35 -> 1861243 | Z35: 15 | AA35: 13차 | AB35: 36B | AC35: 4660 | AD35: 6150 | AE35: 119 | AF35: 46160 | AH35: =+AR35*L35*0.3025 -> 2862.255 | AI35: =+J35*AR35*0.3025 -> 2931.225 | AJ35: =+(H35-P35)/V35 -> 0.61051969 | AL35: 래미안원베일리 | AM35: 서울시 서초구 반포동 1 | AN35: 6700 | AO35: =+AF35 -> 46160 | AP35: 111.79 | AQ35: =+AN35/(AP35*0.3025) -> 198.12828 | AR35: 114 | AS35: 0.2 | AT35: =+AQ35*AR35*(1+AS35)*0.3025 -> 8198.9444 | AU35: =+AD35+AZ35 -> 6167.2333 | AV35: =+AT35-AU35 -> 2031.7112 | AZ35: =+AH35-(AC35*AJ35) -> 17.233259 | BB35: =+AV35/AU35 -> 0.32943641 | BD35: 공사비 뽑아내기 | BF35: 5887500 | BG35: =+BF35/(1+BI35) -> 4528846.2 | BH35: =+BF35-BG35 -> 1358653.8 | BI35: 0.3 | BJ35: =+BG35/(E35*0.3025) -> 10.584581 | BO35: 3934 | BP35: =+BQ35-BO35 -> 600 | BQ35: 4534 | BR35: 522 | BS35: 80 | BT35: =+ROUND(BR35*BO35/BQ35,0) -> 453 | BU35: =+BR35-BT35 -> 69 | BV35: 486 | BW35: 114 | BX35: =+ROUND(BV35*BO35/BQ35,0) -> 422 | BY35: =+BV35-BX35 -> 64 | BZ35: 3526 | CA35: =+CW35 -> 193.97208 | CB35: =+ROUND(BZ35*BO35/BQ35,0) -> 3059 | CC35: =+BZ35-CB35 -> 467 | CE35: 641 | CG35: 511 | CH35: =+BS35 -> 80 | CI35: 130 | CJ35: =+BW35 -> 114 | CK35: =+BQ35+CE35+CF35 -> 5175 | CM35: 6 | CN35: 21108000 | CO35: =+N35 -> 1332639 | CP35: =+CM35*(CG35*CH35+CI35*CJ35)*0.3025 -> 101095.5 | CQ35: =+CN35-CO35-CP35 -> 19674266 | CR35: =+J35 -> 85 | CS35: =+L35 -> 83 | CT35: =+(CR35*BS35*BU35+CS35*BS35*BT35)*0.3025 -> 1051828.8 | CU35: =+(CR35*BW35*BY35+CS35*BW35*BX35)*0.3025 -> 1395470 | CV35: =+CQ35-CT35-CU35 -> 17226967 | CW35: =+CV35/(CR35*CC35*0.3025+CS35*CB35*0.3025) -> 193.97208 | CY35: =+(BS35*BU35+BW35*BY35+CA35*CC35) -> 103400.96 | CZ35: =+CR35*(BS35*BU35+BW35*BY35+CA35*CC35)*0.3025 -> 2658697.2 | DA35: =+(BS35*BT35+BW35*BX35+CA35*CB35) -> 677708.59 | DB35: =+CS35*(BS35*BT35+BW35*BX35+CA35*CB35)*0.3025 -> 17015568
A36: 압구정3구역 | B36: 서울특별시 강남구 압구정동 369-1 | C36: 45992 | D36: 서울특별시 강남구공고 제 2025-2711호 | E36: 1414453 | F36: 구글링 | H36: =+I36+K36+M36+N36 -> 21108000 | I36: =+J36*CY36*0.3025 -> 2658697.2 | J36: 85 | K36: =+L36*DA36*0.3025 -> 17015568 | L36: 83 | M36: =+CP36 -> 101095.5 | N36: 1332639 | P36: =+Q36+R36 -> 5887500 | Q36: =+T36*E36*0.3025 -> 4528846.2 | R36: =+Q36*S36 -> 1358653.8 | S36: =+BI36 -> 0.3 | T36: =+BJ36 -> 10.584581 | V36: 24930400 | W36: 23069157 | X36: =+V36-W36 -> 1861243 | Z36: 16 | AA36: 14차 | AB36: 32 | AC36: 4348 | AD36: 5850 | AE36: 96,99 | AF36: 46160 | AH36: =+AR36*L36*0.3025 -> 2862.255 | AI36: =+J36*AR36*0.3025 -> 2931.225 | AJ36: =+(H36-P36)/V36 -> 0.61051969 | AL36: 래미안원베일리 | AM36: 서울시 서초구 반포동 1 | AN36: 6700 | AO36: =+AF36 -> 46160 | AP36: 111.79 | AQ36: =+AN36/(AP36*0.3025) -> 198.12828 | AR36: 114 | AS36: 0.2 | AT36: =+AQ36*AR36*(1+AS36)*0.3025 -> 8198.9444 | AU36: =+AD36+AZ36 -> 6057.7154 | AV36: =+AT36-AU36 -> 2141.229 | AZ36: =+AH36-(AC36*AJ36) -> 207.7154 | BB36: =+AV36/AU36 -> 0.35347138 | BD36: 공사비 뽑아내기 | BF36: 5887500 | BG36: =+BF36/(1+BI36) -> 4528846.2 | BH36: =+BF36-BG36 -> 1358653.8 | BI36: 0.3 | BJ36: =+BG36/(E36*0.3025) -> 10.584581 | BO36: 3934 | BP36: =+BQ36-BO36 -> 600 | BQ36: 4534 | BR36: 522 | BS36: 80 | BT36: =+ROUND(BR36*BO36/BQ36,0) -> 453 | BU36: =+BR36-BT36 -> 69 | BV36: 486 | BW36: 114 | BX36: =+ROUND(BV36*BO36/BQ36,0) -> 422 | BY36: =+BV36-BX36 -> 64 | BZ36: 3526 | CA36: =+CW36 -> 193.97208 | CB36: =+ROUND(BZ36*BO36/BQ36,0) -> 3059 | CC36: =+BZ36-CB36 -> 467 | CE36: 641 | CG36: 511 | CH36: =+BS36 -> 80 | CI36: 130 | CJ36: =+BW36 -> 114 | CK36: =+BQ36+CE36+CF36 -> 5175 | CM36: 6 | CN36: 21108000 | CO36: =+N36 -> 1332639 | CP36: =+CM36*(CG36*CH36+CI36*CJ36)*0.3025 -> 101095.5 | CQ36: =+CN36-CO36-CP36 -> 19674266 | CR36: =+J36 -> 85 | CS36: =+L36 -> 83 | CT36: =+(CR36*BS36*BU36+CS36*BS36*BT36)*0.3025 -> 1051828.8 | CU36: =+(CR36*BW36*BY36+CS36*BW36*BX36)*0.3025 -> 1395470 | CV36: =+CQ36-CT36-CU36 -> 17226967 | CW36: =+CV36/(CR36*CC36*0.3025+CS36*CB36*0.3025) -> 193.97208 | CY36: =+(BS36*BU36+BW36*BY36+CA36*CC36) -> 103400.96 | CZ36: =+CR36*(BS36*BU36+BW36*BY36+CA36*CC36)*0.3025 -> 2658697.2 | DA36: =+(BS36*BT36+BW36*BX36+CA36*CB36) -> 677708.59 | DB36: =+CS36*(BS36*BT36+BW36*BX36+CA36*CB36)*0.3025 -> 17015568
A37: 압구정3구역 | B37: 서울특별시 강남구 압구정동 369-1 | C37: 45992 | D37: 서울특별시 강남구공고 제 2025-2711호 | E37: 1414453 | F37: 구글링 | H37: =+I37+K37+M37+N37 -> 21108000 | I37: =+J37*CY37*0.3025 -> 2658697.2 | J37: 85 | K37: =+L37*DA37*0.3025 -> 17015568 | L37: 83 | M37: =+CP37 -> 101095.5 | N37: 1332639 | P37: =+Q37+R37 -> 5887500 | Q37: =+T37*E37*0.3025 -> 4528846.2 | R37: =+Q37*S37 -> 1358653.8 | S37: =+BI37 -> 0.3 | T37: =+BJ37 -> 10.584581 | V37: 24930400 | W37: 23069157 | X37: =+V37-W37 -> 1861243 | Z37: 17 | AA37: 대림아크로빌 | AB37: 81 | AC37: 6467 | AD37: =+DJ37 -> 10852.128 | AE37: KB(X)-아크로빌기준추정 | AF37: 46160 | AH37: =+AR37*L37*0.3025 -> 2862.255 | AI37: =+J37*AR37*0.3025 -> 2931.225 | AJ37: =+(H37-P37)/V37 -> 0.61051969 | AL37: 래미안원베일리 | AM37: 서울시 서초구 반포동 1 | AN37: 6700 | AO37: =+AF37 -> 46160 | AP37: 111.79 | AQ37: =+AN37/(AP37*0.3025) -> 198.12828 | AR37: 114 | AS37: 0.2 | AT37: =+AQ37*AR37*(1+AS37)*0.3025 -> 8198.9444 | AU37: =+AD37+AZ37 -> 9766.152 | AV37: =+AT37-AU37 -> -1567.2075 | AZ37: =+AH37-(AC37*AJ37) -> -1085.9758 | BB37: =+AV37/AU37 -> -0.16047339 | BD37: 공사비 뽑아내기 | BF37: 5887500 | BG37: =+BF37/(1+BI37) -> 4528846.2 | BH37: =+BF37-BG37 -> 1358653.8 | BI37: 0.3 | BJ37: =+BG37/(E37*0.3025) -> 10.584581 | BO37: 3934 | BP37: =+BQ37-BO37 -> 600 | BQ37: 4534 | BR37: 522 | BS37: 80 | BT37: =+ROUND(BR37*BO37/BQ37,0) -> 453 | BU37: =+BR37-BT37 -> 69 | BV37: 486 | BW37: 114 | BX37: =+ROUND(BV37*BO37/BQ37,0) -> 422 | BY37: =+BV37-BX37 -> 64 | BZ37: 3526 | CA37: =+CW37 -> 193.97208 | CB37: =+ROUND(BZ37*BO37/BQ37,0) -> 3059 | CC37: =+BZ37-CB37 -> 467 | CE37: 641 | CG37: 511 | CH37: =+BS37 -> 80 | CI37: 130 | CJ37: =+BW37 -> 114 | CK37: =+BQ37+CE37+CF37 -> 5175 | CM37: 6 | CN37: 21108000 | CO37: =+N37 -> 1332639 | CP37: =+CM37*(CG37*CH37+CI37*CJ37)*0.3025 -> 101095.5 | CQ37: =+CN37-CO37-CP37 -> 19674266 | CR37: =+J37 -> 85 | CS37: =+L37 -> 83 | CT37: =+(CR37*BS37*BU37+CS37*BS37*BT37)*0.3025 -> 1051828.8 | CU37: =+(CR37*BW37*BY37+CS37*BW37*BX37)*0.3025 -> 1395470 | CV37: =+CQ37-CT37-CU37 -> 17226967 | CW37: =+CV37/(CR37*CC37*0.3025+CS37*CB37*0.3025) -> 193.97208 | CY37: =+(BS37*BU37+BW37*BY37+CA37*CC37) -> 103400.96 | CZ37: =+CR37*(BS37*BU37+BW37*BY37+CA37*CC37)*0.3025 -> 2658697.2 | DA37: =+(BS37*BT37+BW37*BX37+CA37*CB37) -> 677708.59 | DB37: =+CS37*(BS37*BT37+BW37*BX37+CA37*CB37)*0.3025 -> 17015568 | DF37: 17 | DG37: 대림아크로빌 | DH37: 75 | DI37: 6467 | DJ37: =+$DJ$38*DI37/$DI$38 -> 10852.128 | DL37: 46160
A38: 압구정3구역 | B38: 서울특별시 강남구 압구정동 369-1 | C38: 45992 | D38: 서울특별시 강남구공고 제 2025-2711호 | E38: 1414453 | F38: 구글링 | H38: =+I38+K38+M38+N38 -> 21108000 | I38: =+J38*CY38*0.3025 -> 2658697.2 | J38: 85 | K38: =+L38*DA38*0.3025 -> 17015568 | L38: 83 | M38: =+CP38 -> 101095.5 | N38: 1332639 | P38: =+Q38+R38 -> 5887500 | Q38: =+T38*E38*0.3025 -> 4528846.2 | R38: =+Q38*S38 -> 1358653.8 | S38: =+BI38 -> 0.3 | T38: =+BJ38 -> 10.584581 | V38: 24930400 | W38: 23069157 | X38: =+V38-W38 -> 1861243 | Z38: 18 | AA38: 대림아크로빌 | AB38: 85 | AC38: 7449 | AD38: 12500 | AE38: 281 | AF38: 46160 | AH38: =+AR38*L38*0.3025 -> 2862.255 | AI38: =+J38*AR38*0.3025 -> 2931.225 | AJ38: =+(H38-P38)/V38 -> 0.61051969 | AL38: 래미안원베일리 | AM38: 서울시 서초구 반포동 1 | AN38: 6700 | AO38: =+AF38 -> 46160 | AP38: 111.79 | AQ38: =+AN38/(AP38*0.3025) -> 198.12828 | AR38: 114 | AS38: 0.2 | AT38: =+AQ38*AR38*(1+AS38)*0.3025 -> 8198.9444 | AU38: =+AD38+AZ38 -> 10814.494 | AV38: =+AT38-AU38 -> -2615.5494 | AZ38: =+AH38-(AC38*AJ38) -> -1685.5061 | BB38: =+AV38/AU38 -> -0.24185592 | BD38: 공사비 뽑아내기 | BF38: 5887500 | BG38: =+BF38/(1+BI38) -> 4528846.2 | BH38: =+BF38-BG38 -> 1358653.8 | BI38: 0.3 | BJ38: =+BG38/(E38*0.3025) -> 10.584581 | BO38: 3934 | BP38: =+BQ38-BO38 -> 600 | BQ38: 4534 | BR38: 522 | BS38: 80 | BT38: =+ROUND(BR38*BO38/BQ38,0) -> 453 | BU38: =+BR38-BT38 -> 69 | BV38: 486 | BW38: 114 | BX38: =+ROUND(BV38*BO38/BQ38,0) -> 422 | BY38: =+BV38-BX38 -> 64 | BZ38: 3526 | CA38: =+CW38 -> 193.97208 | CB38: =+ROUND(BZ38*BO38/BQ38,0) -> 3059 | CC38: =+BZ38-CB38 -> 467 | CE38: 641 | CG38: 511 | CH38: =+BS38 -> 80 | CI38: 130 | CJ38: =+BW38 -> 114 | CK38: =+BQ38+CE38+CF38 -> 5175 | CM38: 6 | CN38: 21108000 | CO38: =+N38 -> 1332639 | CP38: =+CM38*(CG38*CH38+CI38*CJ38)*0.3025 -> 101095.5 | CQ38: =+CN38-CO38-CP38 -> 19674266 | CR38: =+J38 -> 85 | CS38: =+L38 -> 83 | CT38: =+(CR38*BS38*BU38+CS38*BS38*BT38)*0.3025 -> 1051828.8 | CU38: =+(CR38*BW38*BY38+CS38*BW38*BX38)*0.3025 -> 1395470 | CV38: =+CQ38-CT38-CU38 -> 17226967 | CW38: =+CV38/(CR38*CC38*0.3025+CS38*CB38*0.3025) -> 193.97208 | CY38: =+(BS38*BU38+BW38*BY38+CA38*CC38) -> 103400.96 | CZ38: =+CR38*(BS38*BU38+BW38*BY38+CA38*CC38)*0.3025 -> 2658697.2 | DA38: =+(BS38*BT38+BW38*BX38+CA38*CB38) -> 677708.59 | DB38: =+CS38*(BS38*BT38+BW38*BX38+CA38*CB38)*0.3025 -> 17015568 | DF38: 18 | DG38: 대림아크로빌 | DH38: 93 | DI38: 7449 | DJ38: 12500 | DK38: 281 | DL38: 46160 | DM38: =+DJ38/DH38 -> 134.4086
A39: 압구정3구역 | B39: 서울특별시 강남구 압구정동 369-1 | C39: 45992 | D39: 서울특별시 강남구공고 제 2025-2711호 | E39: 1414453 | F39: 구글링 | H39: =+I39+K39+M39+N39 -> 21108000 | I39: =+J39*CY39*0.3025 -> 2658697.2 | J39: 85 | K39: =+L39*DA39*0.3025 -> 17015568 | L39: 83 | M39: =+CP39 -> 101095.5 | N39: 1332639 | P39: =+Q39+R39 -> 5887500 | Q39: =+T39*E39*0.3025 -> 4528846.2 | R39: =+Q39*S39 -> 1358653.8 | S39: =+BI39 -> 0.3 | T39: =+BJ39 -> 10.584581 | V39: 24930400 | W39: 23069157 | X39: =+V39-W39 -> 1861243 | Z39: 19 | AA39: 대림빌라트 | AB39: 75 | AC39: 5499 | AD39: =+DJ39 -> 9227.7487 | AE39: KB(X)-아크로빌기준추정 | AF39: 46160 | AH39: =+AR39*L39*0.3025 -> 2862.255 | AI39: =+J39*AR39*0.3025 -> 2931.225 | AJ39: =+(H39-P39)/V39 -> 0.61051969 | AL39: 래미안원베일리 | AM39: 서울시 서초구 반포동 1 | AN39: 6700 | AO39: =+AF39 -> 46160 | AP39: 111.79 | AQ39: =+AN39/(AP39*0.3025) -> 198.12828 | AR39: 114 | AS39: 0.2 | AT39: =+AQ39*AR39*(1+AS39)*0.3025 -> 8198.9444 | AU39: =+AD39+AZ39 -> 8732.7559 | AV39: =+AT39-AU39 -> -533.81148 | AZ39: =+AH39-(AC39*AJ39) -> -494.99276 | BB39: =+AV39/AU39 -> -0.061127494 | BD39: 공사비 뽑아내기 | BF39: 5887500 | BG39: =+BF39/(1+BI39) -> 4528846.2 | BH39: =+BF39-BG39 -> 1358653.8 | BI39: 0.3 | BJ39: =+BG39/(E39*0.3025) -> 10.584581 | BO39: 3934 | BP39: =+BQ39-BO39 -> 600 | BQ39: 4534 | BR39: 522 | BS39: 80 | BT39: =+ROUND(BR39*BO39/BQ39,0) -> 453 | BU39: =+BR39-BT39 -> 69 | BV39: 486 | BW39: 114 | BX39: =+ROUND(BV39*BO39/BQ39,0) -> 422 | BY39: =+BV39-BX39 -> 64 | BZ39: 3526 | CA39: =+CW39 -> 193.97208 | CB39: =+ROUND(BZ39*BO39/BQ39,0) -> 3059 | CC39: =+BZ39-CB39 -> 467 | CE39: 641 | CG39: 511 | CH39: =+BS39 -> 80 | CI39: 130 | CJ39: =+BW39 -> 114 | CK39: =+BQ39+CE39+CF39 -> 5175 | CM39: 6 | CN39: 21108000 | CO39: =+N39 -> 1332639 | CP39: =+CM39*(CG39*CH39+CI39*CJ39)*0.3025 -> 101095.5 | CQ39: =+CN39-CO39-CP39 -> 19674266 | CR39: =+J39 -> 85 | CS39: =+L39 -> 83 | CT39: =+(CR39*BS39*BU39+CS39*BS39*BT39)*0.3025 -> 1051828.8 | CU39: =+(CR39*BW39*BY39+CS39*BW39*BX39)*0.3025 -> 1395470 | CV39: =+CQ39-CT39-CU39 -> 17226967 | CW39: =+CV39/(CR39*CC39*0.3025+CS39*CB39*0.3025) -> 193.97208 | CY39: =+(BS39*BU39+BW39*BY39+CA39*CC39) -> 103400.96 | CZ39: =+CR39*(BS39*BU39+BW39*BY39+CA39*CC39)*0.3025 -> 2658697.2 | DA39: =+(BS39*BT39+BW39*BX39+CA39*CB39) -> 677708.59 | DB39: =+CS39*(BS39*BT39+BW39*BX39+CA39*CB39)*0.3025 -> 17015568 | DF39: 19 | DG39: 대림빌라트 | DH39: 75 | DI39: 5499 | DJ39: =+$DJ$38*DI39/$DI$38 -> 9227.7487 | DL39: 46160
A40: 압구정3구역 | B40: 서울특별시 강남구 압구정동 369-1 | C40: 45992 | D40: 서울특별시 강남구공고 제 2025-2711호 | E40: 1414453 | F40: 구글링 | H40: =+I40+K40+M40+N40 -> 21108000 | I40: =+J40*CY40*0.3025 -> 2658697.2 | J40: 85 | K40: =+L40*DA40*0.3025 -> 17015568 | L40: 83 | M40: =+CP40 -> 101095.5 | N40: 1332639 | P40: =+Q40+R40 -> 5887500 | Q40: =+T40*E40*0.3025 -> 4528846.2 | R40: =+Q40*S40 -> 1358653.8 | S40: =+BI40 -> 0.3 | T40: =+BJ40 -> 10.584581 | V40: 24930400 | W40: 23069157 | X40: =+V40-W40 -> 1861243 | Z40: 20 | AA40: 대림빌라트 | AB40: 93 | AC40: 6602 | AD40: =+DJ40 -> 11078.668 | AE40: KB(X)-아크로빌기준추정 | AF40: 46160 | AH40: =+AR40*L40*0.3025 -> 2862.255 | AI40: =+J40*AR40*0.3025 -> 2931.225 | AJ40: =+(H40-P40)/V40 -> 0.61051969 | AL40: 래미안원베일리 | AM40: 서울시 서초구 반포동 1 | AN40: 6700 | AO40: =+AF40 -> 46160 | AP40: 111.79 | AQ40: =+AN40/(AP40*0.3025) -> 198.12828 | AR40: 114 | AS40: 0.2 | AT40: =+AQ40*AR40*(1+AS40)*0.3025 -> 8198.9444 | AU40: =+AD40+AZ40 -> 9910.2723 | AV40: =+AT40-AU40 -> -1711.3279 | AZ40: =+AH40-(AC40*AJ40) -> -1168.396 | BB40: =+AV40/AU40 -> -0.17268222 | BD40: 공사비 뽑아내기 | BF40: 5887500 | BG40: =+BF40/(1+BI40) -> 4528846.2 | BH40: =+BF40-BG40 -> 1358653.8 | BI40: 0.3 | BJ40: =+BG40/(E40*0.3025) -> 10.584581 | BO40: 3934 | BP40: =+BQ40-BO40 -> 600 | BQ40: 4534 | BR40: 522 | BS40: 80 | BT40: =+ROUND(BR40*BO40/BQ40,0) -> 453 | BU40: =+BR40-BT40 -> 69 | BV40: 486 | BW40: 114 | BX40: =+ROUND(BV40*BO40/BQ40,0) -> 422 | BY40: =+BV40-BX40 -> 64 | BZ40: 3526 | CA40: =+CW40 -> 193.97208 | CB40: =+ROUND(BZ40*BO40/BQ40,0) -> 3059 | CC40: =+BZ40-CB40 -> 467 | CE40: 641 | CG40: 511 | CH40: =+BS40 -> 80 | CI40: 130 | CJ40: =+BW40 -> 114 | CK40: =+BQ40+CE40+CF40 -> 5175 | CM40: 6 | CN40: 21108000 | CO40: =+N40 -> 1332639 | CP40: =+CM40*(CG40*CH40+CI40*CJ40)*0.3025 -> 101095.5 | CQ40: =+CN40-CO40-CP40 -> 19674266 | CR40: =+J40 -> 85 | CS40: =+L40 -> 83 | CT40: =+(CR40*BS40*BU40+CS40*BS40*BT40)*0.3025 -> 1051828.8 | CU40: =+(CR40*BW40*BY40+CS40*BW40*BX40)*0.3025 -> 1395470 | CV40: =+CQ40-CT40-CU40 -> 17226967 | CW40: =+CV40/(CR40*CC40*0.3025+CS40*CB40*0.3025) -> 193.97208 | CY40: =+(BS40*BU40+BW40*BY40+CA40*CC40) -> 103400.96 | CZ40: =+CR40*(BS40*BU40+BW40*BY40+CA40*CC40)*0.3025 -> 2658697.2 | DA40: =+(BS40*BT40+BW40*BX40+CA40*CB40) -> 677708.59 | DB40: =+CS40*(BS40*BT40+BW40*BX40+CA40*CB40)*0.3025 -> 17015568 | DF40: 20 | DG40: 대림빌라트 | DH40: 93 | DI40: 6602 | DJ40: =+$DJ$38*DI40/$DI$38 -> 11078.668 | DL40: 46160
A41: 압구정3구역 | B41: 서울특별시 강남구 압구정동 369-1 | C41: 45992 | D41: 서울특별시 강남구공고 제 2025-2711호 | E41: 1414453 | F41: 구글링 | H41: =+I41+K41+M41+N41 -> 21108000 | I41: =+J41*CY41*0.3025 -> 2658697.2 | J41: 85 | K41: =+L41*DA41*0.3025 -> 17015568 | L41: 83 | M41: =+CP41 -> 101095.5 | N41: 1332639 | P41: =+Q41+R41 -> 5887500 | Q41: =+T41*E41*0.3025 -> 4528846.2 | R41: =+Q41*S41 -> 1358653.8 | S41: =+BI41 -> 0.3 | T41: =+BJ41 -> 10.584581 | V41: 24930400 | W41: 23069157 | X41: =+V41-W41 -> 1861243 | Z41: 21 | AA41: 현대빌라트 | AB41: 73 | AC41: 5490 | AD41: =+DJ41 -> 9212.646 | AE41: KB(X)-아크로빌기준추정 | AF41: 46160 | AH41: =+AR41*L41*0.3025 -> 2862.255 | AI41: =+J41*AR41*0.3025 -> 2931.225 | AJ41: =+(H41-P41)/V41 -> 0.61051969 | AL41: 래미안원베일리 | AM41: 서울시 서초구 반포동 1 | AN41: 6700 | AO41: =+AF41 -> 46160 | AP41: 111.79 | AQ41: =+AN41/(AP41*0.3025) -> 198.12828 | AR41: 114 | AS41: 0.2 | AT41: =+AQ41*AR41*(1+AS41)*0.3025 -> 8198.9444 | AU41: =+AD41+AZ41 -> 8723.1479 | AV41: =+AT41-AU41 -> -524.20346 | AZ41: =+AH41-(AC41*AJ41) -> -489.49808 | BB41: =+AV41/AU41 -> -0.060093382 | BD41: 공사비 뽑아내기 | BF41: 5887500 | BG41: =+BF41/(1+BI41) -> 4528846.2 | BH41: =+BF41-BG41 -> 1358653.8 | BI41: 0.3 | BJ41: =+BG41/(E41*0.3025) -> 10.584581 | BO41: 3934 | BP41: =+BQ41-BO41 -> 600 | BQ41: 4534 | BR41: 522 | BS41: 80 | BT41: =+ROUND(BR41*BO41/BQ41,0) -> 453 | BU41: =+BR41-BT41 -> 69 | BV41: 486 | BW41: 114 | BX41: =+ROUND(BV41*BO41/BQ41,0) -> 422 | BY41: =+BV41-BX41 -> 64 | BZ41: 3526 | CA41: =+CW41 -> 193.97208 | CB41: =+ROUND(BZ41*BO41/BQ41,0) -> 3059 | CC41: =+BZ41-CB41 -> 467 | CE41: 641 | CG41: 511 | CH41: =+BS41 -> 80 | CI41: 130 | CJ41: =+BW41 -> 114 | CK41: =+BQ41+CE41+CF41 -> 5175 | CM41: 6 | CN41: 21108000 | CO41: =+N41 -> 1332639 | CP41: =+CM41*(CG41*CH41+CI41*CJ41)*0.3025 -> 101095.5 | CQ41: =+CN41-CO41-CP41 -> 19674266 | CR41: =+J41 -> 85 | CS41: =+L41 -> 83 | CT41: =+(CR41*BS41*BU41+CS41*BS41*BT41)*0.3025 -> 1051828.8 | CU41: =+(CR41*BW41*BY41+CS41*BW41*BX41)*0.3025 -> 1395470 | CV41: =+CQ41-CT41-CU41 -> 17226967 | CW41: =+CV41/(CR41*CC41*0.3025+CS41*CB41*0.3025) -> 193.97208 | CY41: =+(BS41*BU41+BW41*BY41+CA41*CC41) -> 103400.96 | CZ41: =+CR41*(BS41*BU41+BW41*BY41+CA41*CC41)*0.3025 -> 2658697.2 | DA41: =+(BS41*BT41+BW41*BX41+CA41*CB41) -> 677708.59 | DB41: =+CS41*(BS41*BT41+BW41*BX41+CA41*CB41)*0.3025 -> 17015568 | DF41: 21 | DG41: 현대빌라트 | DH41: 73 | DI41: 5490 | DJ41: =+$DJ$38*DI41/$DI$38 -> 9212.646 | DL41: 46160
A42: 압구정3구역 | B42: 서울특별시 강남구 압구정동 369-1 | C42: 45992 | D42: 서울특별시 강남구공고 제 2025-2711호 | E42: 1414453 | F42: 구글링 | H42: =+I42+K42+M42+N42 -> 21108000 | I42: =+J42*CY42*0.3025 -> 2658697.2 | J42: 85 | K42: =+L42*DA42*0.3025 -> 17015568 | L42: 83 | M42: =+CP42 -> 101095.5 | N42: 1332639 | P42: =+Q42+R42 -> 5887500 | Q42: =+T42*E42*0.3025 -> 4528846.2 | R42: =+Q42*S42 -> 1358653.8 | S42: =+BI42 -> 0.3 | T42: =+BJ42 -> 10.584581 | V42: 24930400 | W42: 23069157 | X42: =+V42-W42 -> 1861243 | Z42: 22 | AA42: 현대빌라트 | AB42: 87 | AC42: 6403 | AD42: =+DJ42 -> 10744.731 | AE42: KB(X)-아크로빌기준추정 | AF42: 46160 | AH42: =+AR42*L42*0.3025 -> 2862.255 | AI42: =+J42*AR42*0.3025 -> 2931.225 | AJ42: =+(H42-P42)/V42 -> 0.61051969 | AL42: 래미안원베일리 | AM42: 서울시 서초구 반포동 1 | AN42: 6700 | AO42: =+AF42 -> 46160 | AP42: 111.79 | AQ42: =+AN42/(AP42*0.3025) -> 198.12828 | AR42: 114 | AS42: 0.2 | AT42: =+AQ42*AR42*(1+AS42)*0.3025 -> 8198.9444 | AU42: =+AD42+AZ42 -> 9697.8283 | AV42: =+AT42-AU42 -> -1498.8838 | AZ42: =+AH42-(AC42*AJ42) -> -1046.9026 | BB42: =+AV42/AU42 -> -0.15455871 | BD42: 공사비 뽑아내기 | BF42: 5887500 | BG42: =+BF42/(1+BI42) -> 4528846.2 | BH42: =+BF42-BG42 -> 1358653.8 | BI42: 0.3 | BJ42: =+BG42/(E42*0.3025) -> 10.584581 | BO42: 3934 | BP42: =+BQ42-BO42 -> 600 | BQ42: 4534 | BR42: 522 | BS42: 80 | BT42: =+ROUND(BR42*BO42/BQ42,0) -> 453 | BU42: =+BR42-BT42 -> 69 | BV42: 486 | BW42: 114 | BX42: =+ROUND(BV42*BO42/BQ42,0) -> 422 | BY42: =+BV42-BX42 -> 64 | BZ42: 3526 | CA42: =+CW42 -> 193.97208 | CB42: =+ROUND(BZ42*BO42/BQ42,0) -> 3059 | CC42: =+BZ42-CB42 -> 467 | CE42: 641 | CG42: 511 | CH42: =+BS42 -> 80 | CI42: 130 | CJ42: =+BW42 -> 114 | CK42: =+BQ42+CE42+CF42 -> 5175 | CM42: 6 | CN42: 21108000 | CO42: =+N42 -> 1332639 | CP42: =+CM42*(CG42*CH42+CI42*CJ42)*0.3025 -> 101095.5 | CQ42: =+CN42-CO42-CP42 -> 19674266 | CR42: =+J42 -> 85 | CS42: =+L42 -> 83 | CT42: =+(CR42*BS42*BU42+CS42*BS42*BT42)*0.3025 -> 1051828.8 | CU42: =+(CR42*BW42*BY42+CS42*BW42*BX42)*0.3025 -> 1395470 | CV42: =+CQ42-CT42-CU42 -> 17226967 | CW42: =+CV42/(CR42*CC42*0.3025+CS42*CB42*0.3025) -> 193.97208 | CY42: =+(BS42*BU42+BW42*BY42+CA42*CC42) -> 103400.96 | CZ42: =+CR42*(BS42*BU42+BW42*BY42+CA42*CC42)*0.3025 -> 2658697.2 | DA42: =+(BS42*BT42+BW42*BX42+CA42*CB42) -> 677708.59 | DB42: =+CS42*(BS42*BT42+BW42*BX42+CA42*CB42)*0.3025 -> 17015568 | DF42: 22 | DG42: 현대빌라트 | DH42: 87 | DI42: 6403 | DJ42: =+$DJ$38*DI42/$DI$38 -> 10744.731 | DL42: 46160
AI43: =+J43*AR43*0.3025 -> 0 | AT43: =+AQ43*AR43*(1+AS43)*0.3025 -> 0
A44: 신반포2차 | B44: 서울특별시 서초구 잠원동 73 | C44: 45484 | D44: 서울특별시고시 제2024-350호 | E44: 446865.02 | F44: 구글링 | H44: =+I44+K44+M44+N44 -> 4831633.9 | I44: =+J44*FD44*0.3025 -> 425175 | J44: =+FE44 -> 75.016295 | K44: =+EI44*L44*0.3025 -> 4271140 | L44: =+EJ44 -> 73.284178 | M44: 26328.8 | N44: 108990.1 | P44: =+Q44+R44 -> 1388214.7 | Q44: =+T44*E44*0.3025 -> 1280613.9 | R44: =+Q44*S44 -> 107600.8 | S44: =+BI44 -> 0.08402283 | T44: =+BJ44 -> 9.4736312 | V44: 4571252 | W44: 4472520 | X44: =+V44-W44 -> 98732 | Z44: 1 | AB44: 68.91 | AC44: 2050 | AD44: 4100 | AE44: 74 | AF44: 46160 | AH44: =+AR44*L44*0.3025 -> 2527.2049 | AI44: =+J44*AR44*0.3025 -> 2586.9369 | AJ44: =+(H44-P44)/V44 -> 0.75327704 | AL44: 래미안원베일리 | AM44: 서울시 서초구 반포동 1 | AN44: 6700 | AO44: =+AF44 -> 46160 | AP44: 111.79 | AQ44: =+AN44/(AP44*0.3025) -> 198.12828 | AR44: 114 | AS44: 0.1 | AT44: =+AQ44*AR44*(1+AS44)*0.3025 -> 7515.6991 | AU44: =+AD44+AZ44 -> 5082.987 | AV44: =+AT44-AU44 -> 2432.7121 | AZ44: =+AH44-(AC44*AJ44) -> 982.98695 | BB44: =+AV44/AU44 -> 0.47859893 | BF44: =+BG44+BH44 -> 1388214.7 | BG44: 1280613.9 | BH44: 107600.8 | BI44: =+BH44/BG44 -> 0.08402283 | BJ44: =+BG44/(E44*0.3025) -> 9.4736312 | DP44: 4271140 | DQ44: 336 | DR44: 88.373 | DS44: 288 | DT44: 101.773 | DU44: 200 | DV44: 113.408 | DW44: 260 | DX44: 126.758 | DY44: 150 | DZ44: 141.443 | EA44: 112 | EB44: 150.788 | EC44: 130 | ED44: 169.478 | EE44: 91 | EF44: 185.498 | EG44: 5 | EH44: 201.518 | EI44: =+DQ44*DR44+DS44*DT44+DU44*DV44+DW44*DX44+DY44*DZ44+EA44*EB44+EC44*ED44+EE44*EF44+EG44*EH44 -> 192667.39 | EJ44: =+DP44/(EI44*0.3025) -> 73.284178 | EK44: 425175 | EL44: 205 | EM44: 80.333 | EN44: 20 | EO44: 113.408 | FD44: =+EL44*EM44+EN44*EO44+EP44*EQ44+ER44*ES44+ET44*EU44+EV44*EW44+EX44*EY44+EZ44*FA44+FB44*FC44 -> 18736.425 | FE44: =+EK44/(FD44*0.3025) -> 75.016295
A45: 신반포2차 | B45: 서울특별시 서초구 잠원동 73 | C45: 45484 | D45: 서울특별시고시 제2024-350호 | E45: 446865.02 | F45: 구글링 | H45: =+I45+K45+M45+N45 -> 4831633.9 | I45: =+J45*FD45*0.3025 -> 425175 | J45: =+FE45 -> 75.016295 | K45: =+EI45*L45*0.3025 -> 4271140 | L45: =+EJ45 -> 73.284178 | M45: 26328.8 | N45: 108990.1 | P45: =+Q45+R45 -> 1388214.7 | Q45: =+T45*E45*0.3025 -> 1280613.9 | R45: =+Q45*S45 -> 107600.8 | S45: =+BI45 -> 0.08402283 | T45: =+BJ45 -> 9.4736312 | V45: 4571252 | W45: 4472520 | X45: =+V45-W45 -> 98732 | Z45: 2 | AB45: 79.42 | AC45: 2350 | AD45: 4500 | AE45: 85 | AF45: 46160 | AH45: =+AR45*L45*0.3025 -> 2527.2049 | AI45: =+J45*AR45*0.3025 -> 2586.9369 | AJ45: =+(H45-P45)/V45 -> 0.75327704 | AL45: 래미안원베일리 | AM45: 서울시 서초구 반포동 1 | AN45: 6700 | AO45: =+AF45 -> 46160 | AP45: 111.79 | AQ45: =+AN45/(AP45*0.3025) -> 198.12828 | AR45: 114 | AS45: 0.1 | AT45: =+AQ45*AR45*(1+AS45)*0.3025 -> 7515.6991 | AU45: =+AD45+AZ45 -> 5257.0038 | AV45: =+AT45-AU45 -> 2258.6952 | AZ45: =+AH45-(AC45*AJ45) -> 757.00384 | BB45: =+AV45/AU45 -> 0.42965448 | BF45: =+BG45+BH45 -> 1388214.7 | BG45: 1280613.9 | BH45: 107600.8 | BI45: =+BH45/BG45 -> 0.08402283 | BJ45: =+BG45/(E45*0.3025) -> 9.4736312 | DP45: 4271140 | DQ45: 336 | DR45: 88.373 | DS45: 288 | DT45: 101.773 | DU45: 200 | DV45: 113.408 | DW45: 260 | DX45: 126.758 | DY45: 150 | DZ45: 141.443 | EA45: 112 | EB45: 150.788 | EC45: 130 | ED45: 169.478 | EE45: 91 | EF45: 185.498 | EG45: 5 | EH45: 201.518 | EI45: =+DQ45*DR45+DS45*DT45+DU45*DV45+DW45*DX45+DY45*DZ45+EA45*EB45+EC45*ED45+EE45*EF45+EG45*EH45 -> 192667.39 | EJ45: =+DP45/(EI45*0.3025) -> 73.284178 | EK45: 425175 | EL45: 205 | EM45: 80.333 | EN45: 20 | EO45: 113.408 | FD45: =+EL45*EM45+EN45*EO45+EP45*EQ45+ER45*ES45+ET45*EU45+EV45*EW45+EX45*EY45+EZ45*FA45+FB45*FC45 -> 18736.425 | FE45: =+EK45/(FD45*0.3025) -> 75.016295
A46: 신반포2차 | B46: 서울특별시 서초구 잠원동 73 | C46: 45484 | D46: 서울특별시고시 제2024-350호 | E46: 446865.02 | F46: 구글링 | H46: =+I46+K46+M46+N46 -> 4831633.9 | I46: =+J46*FD46*0.3025 -> 425175 | J46: =+FE46 -> 75.016295 | K46: =+EI46*L46*0.3025 -> 4271140 | L46: =+EJ46 -> 73.284178 | M46: 26328.8 | N46: 108990.1 | P46: =+Q46+R46 -> 1388214.7 | Q46: =+T46*E46*0.3025 -> 1280613.9 | R46: =+Q46*S46 -> 107600.8 | S46: =+BI46 -> 0.08402283 | T46: =+BJ46 -> 9.4736312 | V46: 4571252 | W46: 4472520 | X46: =+V46-W46 -> 98732 | Z46: 3 | AB46: 92.2 | AC46: 2870 | AD46: 4925 | AE46: 99 | AF46: 46160 | AH46: =+AR46*L46*0.3025 -> 2527.2049 | AI46: =+J46*AR46*0.3025 -> 2586.9369 | AJ46: =+(H46-P46)/V46 -> 0.75327704 | AL46: 래미안원베일리 | AM46: 서울시 서초구 반포동 1 | AN46: 6700 | AO46: =+AF46 -> 46160 | AP46: 111.79 | AQ46: =+AN46/(AP46*0.3025) -> 198.12828 | AR46: 114 | AS46: 0.1 | AT46: =+AQ46*AR46*(1+AS46)*0.3025 -> 7515.6991 | AU46: =+AD46+AZ46 -> 5290.2998 | AV46: =+AT46-AU46 -> 2225.3993 | AZ46: =+AH46-(AC46*AJ46) -> 365.29978 | BB46: =+AV46/AU46 -> 0.42065656 | BF46: =+BG46+BH46 -> 1388214.7 | BG46: 1280613.9 | BH46: 107600.8 | BI46: =+BH46/BG46 -> 0.08402283 | BJ46: =+BG46/(E46*0.3025) -> 9.4736312 | DP46: 4271140 | DQ46: 336 | DR46: 88.373 | DS46: 288 | DT46: 101.773 | DU46: 200 | DV46: 113.408 | DW46: 260 | DX46: 126.758 | DY46: 150 | DZ46: 141.443 | EA46: 112 | EB46: 150.788 | EC46: 130 | ED46: 169.478 | EE46: 91 | EF46: 185.498 | EG46: 5 | EH46: 201.518 | EI46: =+DQ46*DR46+DS46*DT46+DU46*DV46+DW46*DX46+DY46*DZ46+EA46*EB46+EC46*ED46+EE46*EF46+EG46*EH46 -> 192667.39 | EJ46: =+DP46/(EI46*0.3025) -> 73.284178 | EK46: 425175 | EL46: 205 | EM46: 80.333 | EN46: 20 | EO46: 113.408 | FD46: =+EL46*EM46+EN46*EO46+EP46*EQ46+ER46*ES46+ET46*EU46+EV46*EW46+EX46*EY46+EZ46*FA46+FB46*FC46 -> 18736.425 | FE46: =+EK46/(FD46*0.3025) -> 75.016295
A47: 신반포2차 | B47: 서울특별시 서초구 잠원동 73 | C47: 45484 | D47: 서울특별시고시 제2024-350호 | E47: 446865.02 | F47: 구글링 | H47: =+I47+K47+M47+N47 -> 4831633.9 | I47: =+J47*FD47*0.3025 -> 425175 | J47: =+FE47 -> 75.016295 | K47: =+EI47*L47*0.3025 -> 4271140 | L47: =+EJ47 -> 73.284178 | M47: 26328.8 | N47: 108990.1 | P47: =+Q47+R47 -> 1388214.7 | Q47: =+T47*E47*0.3025 -> 1280613.9 | R47: =+Q47*S47 -> 107600.8 | S47: =+BI47 -> 0.08402283 | T47: =+BJ47 -> 9.4736312 | V47: 4571252 | W47: 4472520 | X47: =+V47-W47 -> 98732 | Z47: 4 | AB47: 93.71 | AC47: 2870 | AD47: 4925 | AE47: 100 | AF47: 46160 | AH47: =+AR47*L47*0.3025 -> 2527.2049 | AI47: =+J47*AR47*0.3025 -> 2586.9369 | AJ47: =+(H47-P47)/V47 -> 0.75327704 | AL47: 래미안원베일리 | AM47: 서울시 서초구 반포동 1 | AN47: 6700 | AO47: =+AF47 -> 46160 | AP47: 111.79 | AQ47: =+AN47/(AP47*0.3025) -> 198.12828 | AR47: 114 | AS47: 0.1 | AT47: =+AQ47*AR47*(1+AS47)*0.3025 -> 7515.6991 | AU47: =+AD47+AZ47 -> 5290.2998 | AV47: =+AT47-AU47 -> 2225.3993 | AZ47: =+AH47-(AC47*AJ47) -> 365.29978 | BB47: =+AV47/AU47 -> 0.42065656 | BF47: =+BG47+BH47 -> 1388214.7 | BG47: 1280613.9 | BH47: 107600.8 | BI47: =+BH47/BG47 -> 0.08402283 | BJ47: =+BG47/(E47*0.3025) -> 9.4736312 | DP47: 4271140 | DQ47: 336 | DR47: 88.373 | DS47: 288 | DT47: 101.773 | DU47: 200 | DV47: 113.408 | DW47: 260 | DX47: 126.758 | DY47: 150 | DZ47: 141.443 | EA47: 112 | EB47: 150.788 | EC47: 130 | ED47: 169.478 | EE47: 91 | EF47: 185.498 | EG47: 5 | EH47: 201.518 | EI47: =+DQ47*DR47+DS47*DT47+DU47*DV47+DW47*DX47+DY47*DZ47+EA47*EB47+EC47*ED47+EE47*EF47+EG47*EH47 -> 192667.39 | EJ47: =+DP47/(EI47*0.3025) -> 73.284178 | EK47: 425175 | EL47: 205 | EM47: 80.333 | EN47: 20 | EO47: 113.408 | FD47: =+EL47*EM47+EN47*EO47+EP47*EQ47+ER47*ES47+ET47*EU47+EV47*EW47+EX47*EY47+EZ47*FA47+FB47*FC47 -> 18736.425 | FE47: =+EK47/(FD47*0.3025) -> 75.016295
A48: 신반포2차 | B48: 서울특별시 서초구 잠원동 73 | C48: 45484 | D48: 서울특별시고시 제2024-350호 | E48: 446865.02 | F48: 구글링 | H48: =+I48+K48+M48+N48 -> 4831633.9 | I48: =+J48*FD48*0.3025 -> 425175 | J48: =+FE48 -> 75.016295 | K48: =+EI48*L48*0.3025 -> 4271140 | L48: =+EJ48 -> 73.284178 | M48: 26328.8 | N48: 108990.1 | P48: =+Q48+R48 -> 1388214.7 | Q48: =+T48*E48*0.3025 -> 1280613.9 | R48: =+Q48*S48 -> 107600.8 | S48: =+BI48 -> 0.08402283 | T48: =+BJ48 -> 9.4736312 | V48: 4571252 | W48: 4472520 | X48: =+V48-W48 -> 98732 | Z48: 5 | AB48: 107.31 | AC48: 3150 | AD48: 5675 | AE48: 115 | AF48: 46160 | AH48: =+AR48*L48*0.3025 -> 2527.2049 | AI48: =+J48*AR48*0.3025 -> 2586.9369 | AJ48: =+(H48-P48)/V48 -> 0.75327704 | AL48: 래미안원베일리 | AM48: 서울시 서초구 반포동 1 | AN48: 6700 | AO48: =+AF48 -> 46160 | AP48: 111.79 | AQ48: =+AN48/(AP48*0.3025) -> 198.12828 | AR48: 114 | AS48: 0.1 | AT48: =+AQ48*AR48*(1+AS48)*0.3025 -> 7515.6991 | AU48: =+AD48+AZ48 -> 5829.3822 | AV48: =+AT48-AU48 -> 1686.3169 | AZ48: =+AH48-(AC48*AJ48) -> 154.3822 | BB48: =+AV48/AU48 -> 0.28927883 | BF48: =+BG48+BH48 -> 1388214.7 | BG48: 1280613.9 | BH48: 107600.8 | BI48: =+BH48/BG48 -> 0.08402283 | BJ48: =+BG48/(E48*0.3025) -> 9.4736312 | DP48: 4271140 | DQ48: 336 | DR48: 88.373 | DS48: 288 | DT48: 101.773 | DU48: 200 | DV48: 113.408 | DW48: 260 | DX48: 126.758 | DY48: 150 | DZ48: 141.443 | EA48: 112 | EB48: 150.788 | EC48: 130 | ED48: 169.478 | EE48: 91 | EF48: 185.498 | EG48: 5 | EH48: 201.518 | EI48: =+DQ48*DR48+DS48*DT48+DU48*DV48+DW48*DX48+DY48*DZ48+EA48*EB48+EC48*ED48+EE48*EF48+EG48*EH48 -> 192667.39 | EJ48: =+DP48/(EI48*0.3025) -> 73.284178 | EK48: 425175 | EL48: 205 | EM48: 80.333 | EN48: 20 | EO48: 113.408 | FD48: =+EL48*EM48+EN48*EO48+EP48*EQ48+ER48*ES48+ET48*EU48+EV48*EW48+EX48*EY48+EZ48*FA48+FB48*FC48 -> 18736.425 | FE48: =+EK48/(FD48*0.3025) -> 75.016295
A49: 신반포2차 | B49: 서울특별시 서초구 잠원동 73 | C49: 45484 | D49: 서울특별시고시 제2024-350호 | E49: 446865.02 | F49: 구글링 | H49: =+I49+K49+M49+N49 -> 4831633.9 | I49: =+J49*FD49*0.3025 -> 425175 | J49: =+FE49 -> 75.016295 | K49: =+EI49*L49*0.3025 -> 4271140 | L49: =+EJ49 -> 73.284178 | M49: 26328.8 | N49: 108990.1 | P49: =+Q49+R49 -> 1388214.7 | Q49: =+T49*E49*0.3025 -> 1280613.9 | R49: =+Q49*S49 -> 107600.8 | S49: =+BI49 -> 0.08402283 | T49: =+BJ49 -> 9.4736312 | V49: 4571252 | W49: 4472520 | X49: =+V49-W49 -> 98732 | Z49: 6 | AB49: 135.97 | AC49: 3850 | AD49: 6600 | AE49: 147 | AF49: 46160 | AH49: =+AR49*L49*0.3025 -> 2527.2049 | AI49: =+J49*AR49*0.3025 -> 2586.9369 | AJ49: =+(H49-P49)/V49 -> 0.75327704 | AL49: 래미안원베일리 | AM49: 서울시 서초구 반포동 1 | AN49: 6700 | AO49: =+AF49 -> 46160 | AP49: 111.79 | AQ49: =+AN49/(AP49*0.3025) -> 198.12828 | AR49: 114 | AS49: 0.1 | AT49: =+AQ49*AR49*(1+AS49)*0.3025 -> 7515.6991 | AU49: =+AD49+AZ49 -> 6227.0883 | AV49: =+AT49-AU49 -> 1288.6108 | AZ49: =+AH49-(AC49*AJ49) -> -372.91173 | BB49: =+AV49/AU49 -> 0.20693633 | BF49: =+BG49+BH49 -> 1388214.7 | BG49: 1280613.9 | BH49: 107600.8 | BI49: =+BH49/BG49 -> 0.08402283 | BJ49: =+BG49/(E49*0.3025) -> 9.4736312 | DP49: 4271140 | DQ49: 336 | DR49: 88.373 | DS49: 288 | DT49: 101.773 | DU49: 200 | DV49: 113.408 | DW49: 260 | DX49: 126.758 | DY49: 150 | DZ49: 141.443 | EA49: 112 | EB49: 150.788 | EC49: 130 | ED49: 169.478 | EE49: 91 | EF49: 185.498 | EG49: 5 | EH49: 201.518 | EI49: =+DQ49*DR49+DS49*DT49+DU49*DV49+DW49*DX49+DY49*DZ49+EA49*EB49+EC49*ED49+EE49*EF49+EG49*EH49 -> 192667.39 | EJ49: =+DP49/(EI49*0.3025) -> 73.284178 | EK49: 425175 | EL49: 205 | EM49: 80.333 | EN49: 20 | EO49: 113.408 | FD49: =+EL49*EM49+EN49*EO49+EP49*EQ49+ER49*ES49+ET49*EU49+EV49*EW49+EX49*EY49+EZ49*FA49+FB49*FC49 -> 18736.425 | FE49: =+EK49/(FD49*0.3025) -> 75.016295
A50: 신반포2차 | B50: 서울특별시 서초구 잠원동 73 | C50: 45484 | D50: 서울특별시고시 제2024-350호 | E50: 446865.02 | F50: 구글링 | H50: =+I50+K50+M50+N50 -> 4831633.9 | I50: =+J50*FD50*0.3025 -> 425175 | J50: =+FE50 -> 75.016295 | K50: =+EI50*L50*0.3025 -> 4271140 | L50: =+EJ50 -> 73.284178 | M50: 26328.8 | N50: 108990.1 | P50: =+Q50+R50 -> 1388214.7 | Q50: =+T50*E50*0.3025 -> 1280613.9 | R50: =+Q50*S50 -> 107600.8 | S50: =+BI50 -> 0.08402283 | T50: =+BJ50 -> 9.4736312 | V50: 4571252 | W50: 4472520 | X50: =+V50-W50 -> 98732 | Z50: 7 | AB50: 137.66 | AC50: 3850 | AD50: 6600 | AE50: 147 | AF50: 46160 | AH50: =+AR50*L50*0.3025 -> 2527.2049 | AI50: =+J50*AR50*0.3025 -> 2586.9369 | AJ50: =+(H50-P50)/V50 -> 0.75327704 | AL50: 래미안원베일리 | AM50: 서울시 서초구 반포동 1 | AN50: 6700 | AO50: =+AF50 -> 46160 | AP50: 111.79 | AQ50: =+AN50/(AP50*0.3025) -> 198.12828 | AR50: 114 | AS50: 0.1 | AT50: =+AQ50*AR50*(1+AS50)*0.3025 -> 7515.6991 | AU50: =+AD50+AZ50 -> 6227.0883 | AV50: =+AT50-AU50 -> 1288.6108 | AZ50: =+AH50-(AC50*AJ50) -> -372.91173 | BB50: =+AV50/AU50 -> 0.20693633 | BF50: =+BG50+BH50 -> 1388214.7 | BG50: 1280613.9 | BH50: 107600.8 | BI50: =+BH50/BG50 -> 0.08402283 | BJ50: =+BG50/(E50*0.3025) -> 9.4736312 | DP50: 4271140 | DQ50: 336 | DR50: 88.373 | DS50: 288 | DT50: 101.773 | DU50: 200 | DV50: 113.408 | DW50: 260 | DX50: 126.758 | DY50: 150 | DZ50: 141.443 | EA50: 112 | EB50: 150.788 | EC50: 130 | ED50: 169.478 | EE50: 91 | EF50: 185.498 | EG50: 5 | EH50: 201.518 | EI50: =+DQ50*DR50+DS50*DT50+DU50*DV50+DW50*DX50+DY50*DZ50+EA50*EB50+EC50*ED50+EE50*EF50+EG50*EH50 -> 192667.39 | EJ50: =+DP50/(EI50*0.3025) -> 73.284178 | EK50: 425175 | EL50: 205 | EM50: 80.333 | EN50: 20 | EO50: 113.408 | FD50: =+EL50*EM50+EN50*EO50+EP50*EQ50+ER50*ES50+ET50*EU50+EV50*EW50+EX50*EY50+EZ50*FA50+FB50*FC50 -> 18736.425 | FE50: =+EK50/(FD50*0.3025) -> 75.016295
A51: 신반포2차 | B51: 서울특별시 서초구 잠원동 73 | C51: 45484 | D51: 서울특별시고시 제2024-350호 | E51: 446865.02 | F51: 구글링 | H51: =+I51+K51+M51+N51 -> 4831633.9 | I51: =+J51*FD51*0.3025 -> 425175 | J51: =+FE51 -> 75.016295 | K51: =+EI51*L51*0.3025 -> 4271140 | L51: =+EJ51 -> 73.284178 | M51: 26328.8 | N51: 108990.1 | P51: =+Q51+R51 -> 1388214.7 | Q51: =+T51*E51*0.3025 -> 1280613.9 | R51: =+Q51*S51 -> 107600.8 | S51: =+BI51 -> 0.08402283 | T51: =+BJ51 -> 9.4736312 | V51: 4571252 | W51: 4472520 | X51: =+V51-W51 -> 98732 | Z51: 8 | AB51: 150.58 | AC51: 4250 | AD51: 7700 | AE51: 164 | AF51: 46160 | AH51: =+AR51*L51*0.3025 -> 2527.2049 | AI51: =+J51*AR51*0.3025 -> 2586.9369 | AJ51: =+(H51-P51)/V51 -> 0.75327704 | AL51: 래미안원베일리 | AM51: 서울시 서초구 반포동 1 | AN51: 6700 | AO51: =+AF51 -> 46160 | AP51: 111.79 | AQ51: =+AN51/(AP51*0.3025) -> 198.12828 | AR51: 114 | AS51: 0.1 | AT51: =+AQ51*AR51*(1+AS51)*0.3025 -> 7515.6991 | AU51: =+AD51+AZ51 -> 7025.7775 | AV51: =+AT51-AU51 -> 489.92162 | AZ51: =+AH51-(AC51*AJ51) -> -674.22254 | BB51: =+AV51/AU51 -> 0.069732015 | BF51: =+BG51+BH51 -> 1388214.7 | BG51: 1280613.9 | BH51: 107600.8 | BI51: =+BH51/BG51 -> 0.08402283 | BJ51: =+BG51/(E51*0.3025) -> 9.4736312 | DP51: 4271140 | DQ51: 336 | DR51: 88.373 | DS51: 288 | DT51: 101.773 | DU51: 200 | DV51: 113.408 | DW51: 260 | DX51: 126.758 | DY51: 150 | DZ51: 141.443 | EA51: 112 | EB51: 150.788 | EC51: 130 | ED51: 169.478 | EE51: 91 | EF51: 185.498 | EG51: 5 | EH51: 201.518 | EI51: =+DQ51*DR51+DS51*DT51+DU51*DV51+DW51*DX51+DY51*DZ51+EA51*EB51+EC51*ED51+EE51*EF51+EG51*EH51 -> 192667.39 | EJ51: =+DP51/(EI51*0.3025) -> 73.284178 | EK51: 425175 | EL51: 205 | EM51: 80.333 | EN51: 20 | EO51: 113.408 | FD51: =+EL51*EM51+EN51*EO51+EP51*EQ51+ER51*ES51+ET51*EU51+EV51*EW51+EX51*EY51+EZ51*FA51+FB51*FC51 -> 18736.425 | FE51: =+EK51/(FD51*0.3025) -> 75.016295
AI52: =+J52*AR52*0.3025 -> 0 | AT52: =+AQ52*AR52*(1+AS52)*0.3025 -> 0
A53: 목동6단지 | B53: 서울특별시 양천구 목동 911 | C53: 45520 | D53: 서울특별시고시 제2024-401호 | E53: 421851.5 | F53: 시공사선정 입찰공고(260212) | H53: =+I53+K53+M53+N53 -> 3601732.3 | I53: =+J53*FD53*0.3025 -> 1022557.6 | J53: =+FE53 -> 50.00197 | K53: =+EI53*L53*0.3025 -> 2321637.4 | L53: =+EJ53 -> 45.031915 | M53: 38116 | N53: =49469-2093.654+172046 -> 219421.35 | P53: =+Q53+R53 -> 1286474.5 | Q53: =+T53*E53*0.3025 -> 939526.55 | R53: =+Q53*S53 -> 346947.97 | S53: =+BI53 -> 0.36927959 | T53: =+BJ53 -> 7.3624792 | V53: 2293943 | W53: 2233452 | X53: =+V53-W53 -> 60491 | Z53: 1 | AB53: 47.94 | AC53: 1214 | AD53: 2125 | AE53: 65 | AF53: 46160 | AH53: =+AR53*L53*0.3025 -> 1531.8113 | AI53: =+J53*AR53*0.3025 -> 1700.8733 | AJ53: =+(H53-P53)/V53 -> 1.0092918 | AL53: 목동힐스테이트 | AM53: 서울시 양천구 신정동 1323 | AN53: 2135 | AO53: =+AF53 -> 46160 | AP53: 109 | AQ53: =+AN53/(AP53*0.3025) -> 64.750929 | AR53: 112.45 | AS53: 0.15 | AT53: =+AQ53*AR53*(1+AS53)*0.3025 -> 2532.962 | AU53: =+AD53+AZ53 -> 2431.531 | AV53: =+AT53-AU53 -> 101.431 | AZ53: =+AH53-(AC53*AJ53) -> 306.53104 | BB53: =+AV53/AU53 -> 0.041714871 | BF53: =+BG53+BH53 -> 1286474.5 | BG53: 939526.55 | BH53: 346947.97 | BI53: =+BH53/BG53 -> 0.36927959 | BJ53: =+BG53/(E53*0.3025) -> 7.3624792 | DP53: 2321637.4 | DQ53: 194 | DR53: 80.15 | DS53: 562 | DT53: 112.45 | DU53: 230 | DV53: 131.45 | DW53: 232 | DX53: 155 | DY53: 100 | DZ53: 173 | EA53: 37 | EB53: 187.5 | EC53: 6 | ED53: 209 | EI53: =+DQ53*DR53+DS53*DT53+DU53*DV53+DW53*DX53+DY53*DZ53+EA53*EB53+EC53*ED53+EE53*EF53+EG53*EH53 -> 170431 | EJ53: =+DP53/(EI53*0.3025) -> 45.031915 | EK53: 1022557.6 | EL53: 77 | EM53: 80.15 | EN53: 221 | EO53: 112.45 | EP53: 91 | EQ53: 131.45 | ER53: 92 | ES53: 155 | ET53: 40 | EU53: 173 | EV53: 15 | EW53: 187.5 | EX53: 3 | EY53: 209 | FD53: =+EL53*EM53+EN53*EO53+EP53*EQ53+ER53*ES53+ET53*EU53+EV53*EW53+EX53*EY53+EZ53*FA53+FB53*FC53 -> 67604.45 | FE53: =+EK53/(FD53*0.3025) -> 50.00197
A54: 목동6단지 | B54: 서울특별시 양천구 목동 911 | C54: 45520 | D54: 서울특별시고시 제2024-401호 | E54: 421851.5 | F54: 시공사선정 입찰공고(260212) | H54: =+I54+K54+M54+N54 -> 3601732.3 | I54: =+J54*FD54*0.3025 -> 1022557.6 | J54: =+FE54 -> 50.00197 | K54: =+EI54*L54*0.3025 -> 2321637.4 | L54: =+EJ54 -> 45.031915 | M54: 38116 | N54: =49469-2093.654+172046 -> 219421.35 | P54: =+Q54+R54 -> 1286474.5 | Q54: =+T54*E54*0.3025 -> 939526.55 | R54: =+Q54*S54 -> 346947.97 | S54: =+BI54 -> 0.36927959 | T54: =+BJ54 -> 7.3624792 | V54: 2293943 | W54: 2233452 | X54: =+V54-W54 -> 60491 | Z54: 2 | AB54: 65.1 | AC54: 1555 | AD54: 2525 | AE54: 88 | AF54: 46160 | AH54: =+AR54*L54*0.3025 -> 1531.8113 | AI54: =+J54*AR54*0.3025 -> 1700.8733 | AJ54: =+(H54-P54)/V54 -> 1.0092918 | AL54: 목동힐스테이트 | AM54: 서울시 양천구 신정동 1323 | AN54: 2135 | AO54: =+AF54 -> 46160 | AP54: 109 | AQ54: =+AN54/(AP54*0.3025) -> 64.750929 | AR54: 112.45 | AS54: 0.15 | AT54: =+AQ54*AR54*(1+AS54)*0.3025 -> 2532.962 | AU54: =+AD54+AZ54 -> 2487.3625 | AV54: =+AT54-AU54 -> 45.599502 | AZ54: =+AH54-(AC54*AJ54) -> -37.63746 | BB54: =+AV54/AU54 -> 0.018332471 | BF54: =+BG54+BH54 -> 1286474.5 | BG54: 939526.55 | BH54: 346947.97 | BI54: =+BH54/BG54 -> 0.36927959 | BJ54: =+BG54/(E54*0.3025) -> 7.3624792 | DP54: 2321637.4 | DQ54: 194 | DR54: 80.15 | DS54: 562 | DT54: 112.45 | DU54: 230 | DV54: 131.45 | DW54: 232 | DX54: 155 | DY54: 100 | DZ54: 173 | EA54: 37 | EB54: 187.5 | EC54: 6 | ED54: 209 | EI54: =+DQ54*DR54+DS54*DT54+DU54*DV54+DW54*DX54+DY54*DZ54+EA54*EB54+EC54*ED54+EE54*EF54+EG54*EH54 -> 170431 | EJ54: =+DP54/(EI54*0.3025) -> 45.031915 | EK54: 1022557.6 | EL54: 77 | EM54: 80.15 | EN54: 221 | EO54: 112.45 | EP54: 91 | EQ54: 131.45 | ER54: 92 | ES54: 155 | ET54: 40 | EU54: 173 | EV54: 15 | EW54: 187.5 | EX54: 3 | EY54: 209 | FD54: =+EL54*EM54+EN54*EO54+EP54*EQ54+ER54*ES54+ET54*EU54+EV54*EW54+EX54*EY54+EZ54*FA54+FB54*FC54 -> 67604.45 | FE54: =+EK54/(FD54*0.3025) -> 50.00197
A55: 목동6단지 | B55: 서울특별시 양천구 목동 911 | C55: 45520 | D55: 서울특별시고시 제2024-401호 | E55: 421851.5 | F55: 시공사선정 입찰공고(260212) | H55: =+I55+K55+M55+N55 -> 3601732.3 | I55: =+J55*FD55*0.3025 -> 1022557.6 | J55: =+FE55 -> 50.00197 | K55: =+EI55*L55*0.3025 -> 2321637.4 | L55: =+EJ55 -> 45.031915 | M55: 38116 | N55: =49469-2093.654+172046 -> 219421.35 | P55: =+Q55+R55 -> 1286474.5 | Q55: =+T55*E55*0.3025 -> 939526.55 | R55: =+Q55*S55 -> 346947.97 | S55: =+BI55 -> 0.36927959 | T55: =+BJ55 -> 7.3624792 | V55: 2293943 | W55: 2233452 | X55: =+V55-W55 -> 60491 | Z55: 3 | AB55: 95.03 | AC55: 1931 | AD55: 2950 | AE55: 115 | AF55: 46160 | AH55: =+AR55*L55*0.3025 -> 1531.8113 | AI55: =+J55*AR55*0.3025 -> 1700.8733 | AJ55: =+(H55-P55)/V55 -> 1.0092918 | AL55: 목동힐스테이트 | AM55: 서울시 양천구 신정동 1323 | AN55: 2135 | AO55: =+AF55 -> 46160 | AP55: 109 | AQ55: =+AN55/(AP55*0.3025) -> 64.750929 | AR55: 112.45 | AS55: 0.15 | AT55: =+AQ55*AR55*(1+AS55)*0.3025 -> 2532.962 | AU55: =+AD55+AZ55 -> 2532.8688 | AV55: =+AT55-AU55 -> 0.093212586 | AZ55: =+AH55-(AC55*AJ55) -> -417.13117 | BB55: =+AV55/AU55 -> 3.6801189e-05 | BF55: =+BG55+BH55 -> 1286474.5 | BG55: 939526.55 | BH55: 346947.97 | BI55: =+BH55/BG55 -> 0.36927959 | BJ55: =+BG55/(E55*0.3025) -> 7.3624792 | DP55: 2321637.4 | DQ55: 194 | DR55: 80.15 | DS55: 562 | DT55: 112.45 | DU55: 230 | DV55: 131.45 | DW55: 232 | DX55: 155 | DY55: 100 | DZ55: 173 | EA55: 37 | EB55: 187.5 | EC55: 6 | ED55: 209 | EI55: =+DQ55*DR55+DS55*DT55+DU55*DV55+DW55*DX55+DY55*DZ55+EA55*EB55+EC55*ED55+EE55*EF55+EG55*EH55 -> 170431 | EJ55: =+DP55/(EI55*0.3025) -> 45.031915 | EK55: 1022557.6 | EL55: 77 | EM55: 80.15 | EN55: 221 | EO55: 112.45 | EP55: 91 | EQ55: 131.45 | ER55: 92 | ES55: 155 | ET55: 40 | EU55: 173 | EV55: 15 | EW55: 187.5 | EX55: 3 | EY55: 209 | FD55: =+EL55*EM55+EN55*EO55+EP55*EQ55+ER55*ES55+ET55*EU55+EV55*EW55+EX55*EY55+EZ55*FA55+FB55*FC55 -> 67604.45 | FE55: =+EK55/(FD55*0.3025) -> 50.00197
A56: 목동6단지 | B56: 서울특별시 양천구 목동 911 | C56: 45520 | D56: 서울특별시고시 제2024-401호 | E56: 421851.5 | F56: 시공사선정 입찰공고(260212) | H56: =+I56+K56+M56+N56 -> 3601732.3 | I56: =+J56*FD56*0.3025 -> 1022557.6 | J56: =+FE56 -> 50.00197 | K56: =+EI56*L56*0.3025 -> 2321637.4 | L56: =+EJ56 -> 45.031915 | M56: 38116 | N56: =49469-2093.654+172046 -> 219421.35 | P56: =+Q56+R56 -> 1286474.5 | Q56: =+T56*E56*0.3025 -> 939526.55 | R56: =+Q56*S56 -> 346947.97 | S56: =+BI56 -> 0.36927959 | T56: =+BJ56 -> 7.3624792 | V56: 2293943 | W56: 2233452 | X56: =+V56-W56 -> 60491 | Z56: 4 | AB56: 115.19 | AC56: 2350 | AD56: 3150 | AE56: 148 | AF56: 46160 | AH56: =+AR56*L56*0.3025 -> 1531.8113 | AI56: =+J56*AR56*0.3025 -> 1700.8733 | AJ56: =+(H56-P56)/V56 -> 1.0092918 | AL56: 목동힐스테이트 | AM56: 서울시 양천구 신정동 1323 | AN56: 2135 | AO56: =+AF56 -> 46160 | AP56: 109 | AQ56: =+AN56/(AP56*0.3025) -> 64.750929 | AR56: 112.45 | AS56: 0.15 | AT56: =+AQ56*AR56*(1+AS56)*0.3025 -> 2532.962 | AU56: =+AD56+AZ56 -> 2309.9756 | AV56: =+AT56-AU56 -> 222.98647 | AZ56: =+AH56-(AC56*AJ56) -> -840.02443 | BB56: =+AV56/AU56 -> 0.09653196 | BF56: =+BG56+BH56 -> 1286474.5 | BG56: 939526.55 | BH56: 346947.97 | BI56: =+BH56/BG56 -> 0.36927959 | BJ56: =+BG56/(E56*0.3025) -> 7.3624792 | DP56: 2321637.4 | DQ56: 194 | DR56: 80.15 | DS56: 562 | DT56: 112.45 | DU56: 230 | DV56: 131.45 | DW56: 232 | DX56: 155 | DY56: 100 | DZ56: 173 | EA56: 37 | EB56: 187.5 | EC56: 6 | ED56: 209 | EI56: =+DQ56*DR56+DS56*DT56+DU56*DV56+DW56*DX56+DY56*DZ56+EA56*EB56+EC56*ED56+EE56*EF56+EG56*EH56 -> 170431 | EJ56: =+DP56/(EI56*0.3025) -> 45.031915 | EK56: 1022557.6 | EL56: 77 | EM56: 80.15 | EN56: 221 | EO56: 112.45 | EP56: 91 | EQ56: 131.45 | ER56: 92 | ES56: 155 | ET56: 40 | EU56: 173 | EV56: 15 | EW56: 187.5 | EX56: 3 | EY56: 209 | FD56: =+EL56*EM56+EN56*EO56+EP56*EQ56+ER56*ES56+ET56*EU56+EV56*EW56+EX56*EY56+EZ56*FA56+FB56*FC56 -> 67604.45 | FE56: =+EK56/(FD56*0.3025) -> 50.00197
A57: 목동6단지 | B57: 서울특별시 양천구 목동 911 | C57: 45520 | D57: 서울특별시고시 제2024-401호 | E57: 421851.5 | F57: 시공사선정 입찰공고(260212) | H57: =+I57+K57+M57+N57 -> 3601732.3 | I57: =+J57*FD57*0.3025 -> 1022557.6 | J57: =+FE57 -> 50.00197 | K57: =+EI57*L57*0.3025 -> 2321637.4 | L57: =+EJ57 -> 45.031915 | M57: 38116 | N57: =49469-2093.654+172046 -> 219421.35 | P57: =+Q57+R57 -> 1286474.5 | Q57: =+T57*E57*0.3025 -> 939526.55 | R57: =+Q57*S57 -> 346947.97 | S57: =+BI57 -> 0.36927959 | T57: =+BJ57 -> 7.3624792 | V57: 2293943 | W57: 2233452 | X57: =+V57-W57 -> 60491 | Z57: 5 | AB57: 142.39 | AC57: 2548 | AD57: 3600 | AE57: 179 | AF57: 46160 | AH57: =+AR57*L57*0.3025 -> 1531.8113 | AI57: =+J57*AR57*0.3025 -> 1700.8733 | AJ57: =+(H57-P57)/V57 -> 1.0092918 | AL57: 목동힐스테이트 | AM57: 서울시 양천구 신정동 1323 | AN57: 2135 | AO57: =+AF57 -> 46160 | AP57: 109 | AQ57: =+AN57/(AP57*0.3025) -> 64.750929 | AR57: 112.45 | AS57: 0.15 | AT57: =+AQ57*AR57*(1+AS57)*0.3025 -> 2532.962 | AU57: =+AD57+AZ57 -> 2560.1358 | AV57: =+AT57-AU57 -> -27.173756 | AZ57: =+AH57-(AC57*AJ57) -> -1039.8642 | BB57: =+AV57/AU57 -> -0.010614186 | BF57: =+BG57+BH57 -> 1286474.5 | BG57: 939526.55 | BH57: 346947.97 | BI57: =+BH57/BG57 -> 0.36927959 | BJ57: =+BG57/(E57*0.3025) -> 7.3624792 | DP57: 2321637.4 | DQ57: 194 | DR57: 80.15 | DS57: 562 | DT57: 112.45 | DU57: 230 | DV57: 131.45 | DW57: 232 | DX57: 155 | DY57: 100 | DZ57: 173 | EA57: 37 | EB57: 187.5 | EC57: 6 | ED57: 209 | EI57: =+DQ57*DR57+DS57*DT57+DU57*DV57+DW57*DX57+DY57*DZ57+EA57*EB57+EC57*ED57+EE57*EF57+EG57*EH57 -> 170431 | EJ57: =+DP57/(EI57*0.3025) -> 45.031915 | EK57: 1022557.6 | EL57: 77 | EM57: 80.15 | EN57: 221 | EO57: 112.45 | EP57: 91 | EQ57: 131.45 | ER57: 92 | ES57: 155 | ET57: 40 | EU57: 173 | EV57: 15 | EW57: 187.5 | EX57: 3 | EY57: 209 | FD57: =+EL57*EM57+EN57*EO57+EP57*EQ57+ER57*ES57+ET57*EU57+EV57*EW57+EX57*EY57+EZ57*FA57+FB57*FC57 -> 67604.45 | FE57: =+EK57/(FD57*0.3025) -> 50.00197
AI58: =+J58*AR58*0.3025 -> 0 | AT58: =+AQ58*AR58*(1+AS58)*0.3025 -> 0
A59: 여의도 시범 | B59: 서울특별시 영등포구 여의도동 50 | C59: 45701 | D59: 서울특별시고시 제2025-80호 | E59: 565766.06 | F59: 구글링 | H59: =+I59+K59+M59+N59 -> 6176900 | I59: =+J59*CY59*0.3025 -> 1474278.4 | J59: 75 | K59: =+L59*DA59*0.3025 -> 3308454.1 | L59: 58 | M59: =+CP59 -> 61528.5 | N59: 1332639 | P59: =+Q59+R59 -> 2729300 | Q59: =+T59*E59*0.3025 -> 2099461.5 | R59: =+Q59*S59 -> 629838.46 | S59: =+BI59 -> 0.3 | T59: =+BJ59 -> 12.267206 | V59: 3612300 | W59: =+V59-X59 -> 3608940 | X59: =1330+2030 -> 3360 | Z59: 1 | AB59: 60.96 | AC59: 1555.9 | AD59: 2450 | AE59: 69 | AF59: 46160 | AH59: =+AR59*L59*0.3025 -> 2000.13 | AI59: =+J59*AR59*0.3025 -> 2586.375 | AJ59: =+(H59-P59)/V59 -> 0.95440578 | AL59: 브라이튼여의도 | AM59: 서울시 영등포구 여의도동 525 | AN59: 3943.5 | AO59: 46162 | AP59: 117 | AQ59: =+AN59/(AP59*0.3025) -> 111.42191 | AR59: 114 | AS59: 0.1 | AT59: =+AQ59*AR59*(1+AS59)*0.3025 -> 4226.6231 | AU59: =+AD59+AZ59 -> 2965.17 | AV59: =+AT59-AU59 -> 1261.453 | AZ59: =+AH59-(AC59*AJ59) -> 515.17005 | BB59: =+AV59/AU59 -> 0.4254235 | BF59: 2729300 | BG59: =+BF59/(1+BI59) -> 2099461.5 | BH59: =+BF59-BG59 -> 629838.46 | BI59: 0.3 | BJ59: =+BG59/(E59*0.3025) -> 12.267206 | BO59: 1584 | BP59: =+BQ59-BO59 -> 546 | BQ59: 2130 | BR59: 155 | BS59: 80 | BT59: =+ROUND(BR59*BO59/BQ59,0) -> 115 | BU59: =+BR59-BT59 -> 40 | BV59: 991 | BW59: 114 | BX59: =+ROUND(BV59*BO59/BQ59,0) -> 737 | BY59: =+BV59-BX59 -> 254 | BZ59: 984 | CA59: =+CW59 -> 130.26178 | CB59: =+ROUND(BZ59*BO59/BQ59,0) -> 732 | CC59: =+BZ59-CB59 -> 252 | CE59: 343 | CG59: 153 | CH59: =+BS59 -> 80 | CI59: 190 | CJ59: =+BW59 -> 114 | CK59: =+BQ59+CE59+CF59 -> 2473 | CM59: 6 | CN59: 6176900 | CO59: =+N59 -> 1332639 | CP59: =+CM59*(CG59*CH59+CI59*CJ59)*0.3025 -> 61528.5 | CQ59: =+CN59-CO59-CP59 -> 4782732.5 | CR59: =+J59 -> 75 | CS59: =+L59 -> 58 | CT59: =+(CR59*BS59*BU59+CS59*BS59*BT59)*0.3025 -> 234014 | CU59: =+(CR59*BW59*BY59+CS59*BW59*BX59)*0.3025 -> 2131035.1 | CV59: =+CQ59-CT59-CU59 -> 2417683.4 | CW59: =+CV59/(CR59*CC59*0.3025+CS59*CB59*0.3025) -> 130.26178 | CY59: =+(BS59*BU59+BW59*BY59+CA59*CC59) -> 64981.969 | CZ59: =+CR59*(BS59*BU59+BW59*BY59+CA59*CC59)*0.3025 -> 1474278.4 | DA59: =+(BS59*BT59+BW59*BX59+CA59*CB59) -> 188569.63 | DB59: =+CS59*(BS59*BT59+BW59*BX59+CA59*CB59)*0.3025 -> 3308454.1
A60: 여의도 시범 | B60: 서울특별시 영등포구 여의도동 50 | C60: 45701 | D60: 서울특별시고시 제2025-80호 | E60: 565766.06 | F60: 구글링 | H60: =+I60+K60+M60+N60 -> 6176900 | I60: =+J60*CY60*0.3025 -> 1474278.4 | J60: 75 | K60: =+L60*DA60*0.3025 -> 3308454.1 | L60: 58 | M60: =+CP60 -> 61528.5 | N60: 1332639 | P60: =+Q60+R60 -> 2729300 | Q60: =+T60*E60*0.3025 -> 2099461.5 | R60: =+Q60*S60 -> 629838.46 | S60: =+BI60 -> 0.3 | T60: =+BJ60 -> 12.267206 | V60: 3612300 | W60: =+V60-X60 -> 3608940 | X60: =1330+2030 -> 3360 | Z60: 2 | AB60: 79.24 | AC60: 1852.04 | AD60: 2650 | AE60: 79 | AF60: 46160 | AH60: =+AR60*L60*0.3025 -> 2000.13 | AI60: =+J60*AR60*0.3025 -> 2586.375 | AJ60: =+(H60-P60)/V60 -> 0.95440578 | AL60: 브라이튼여의도 | AM60: 서울시 영등포구 여의도동 525 | AN60: 3943.5 | AO60: 46162 | AP60: 117 | AQ60: =+AN60/(AP60*0.3025) -> 111.42191 | AR60: 114 | AS60: 0.1 | AT60: =+AQ60*AR60*(1+AS60)*0.3025 -> 4226.6231 | AU60: =+AD60+AZ60 -> 2882.5323 | AV60: =+AT60-AU60 -> 1344.0908 | AZ60: =+AH60-(AC60*AJ60) -> 232.53232 | BB60: =+AV60/AU60 -> 0.46628818 | BF60: 2729300 | BG60: =+BF60/(1+BI60) -> 2099461.5 | BH60: =+BF60-BG60 -> 629838.46 | BI60: 0.3 | BJ60: =+BG60/(E60*0.3025) -> 12.267206 | BO60: 1584 | BP60: =+BQ60-BO60 -> 546 | BQ60: 2130 | BR60: 155 | BS60: 80 | BT60: =+ROUND(BR60*BO60/BQ60,0) -> 115 | BU60: =+BR60-BT60 -> 40 | BV60: 991 | BW60: 114 | BX60: =+ROUND(BV60*BO60/BQ60,0) -> 737 | BY60: =+BV60-BX60 -> 254 | BZ60: 984 | CA60: =+CW60 -> 130.26178 | CB60: =+ROUND(BZ60*BO60/BQ60,0) -> 732 | CC60: =+BZ60-CB60 -> 252 | CE60: 343 | CG60: 153 | CH60: =+BS60 -> 80 | CI60: 190 | CJ60: =+BW60 -> 114 | CK60: =+BQ60+CE60+CF60 -> 2473 | CM60: 6 | CN60: 6176900 | CO60: =+N60 -> 1332639 | CP60: =+CM60*(CG60*CH60+CI60*CJ60)*0.3025 -> 61528.5 | CQ60: =+CN60-CO60-CP60 -> 4782732.5 | CR60: =+J60 -> 75 | CS60: =+L60 -> 58 | CT60: =+(CR60*BS60*BU60+CS60*BS60*BT60)*0.3025 -> 234014 | CU60: =+(CR60*BW60*BY60+CS60*BW60*BX60)*0.3025 -> 2131035.1 | CV60: =+CQ60-CT60-CU60 -> 2417683.4 | CW60: =+CV60/(CR60*CC60*0.3025+CS60*CB60*0.3025) -> 130.26178 | CY60: =+(BS60*BU60+BW60*BY60+CA60*CC60) -> 64981.969 | CZ60: =+CR60*(BS60*BU60+BW60*BY60+CA60*CC60)*0.3025 -> 1474278.4 | DA60: =+(BS60*BT60+BW60*BX60+CA60*CB60) -> 188569.63 | DB60: =+CS60*(BS60*BT60+BW60*BX60+CA60*CB60)*0.3025 -> 3308454.1
A61: 여의도 시범 | B61: 서울특별시 영등포구 여의도동 50 | C61: 45701 | D61: 서울특별시고시 제2025-80호 | E61: 565766.06 | F61: 구글링 | H61: =+I61+K61+M61+N61 -> 6176900 | I61: =+J61*CY61*0.3025 -> 1474278.4 | J61: 75 | K61: =+L61*DA61*0.3025 -> 3308454.1 | L61: 58 | M61: =+CP61 -> 61528.5 | N61: 1332639 | P61: =+Q61+R61 -> 2729300 | Q61: =+T61*E61*0.3025 -> 2099461.5 | R61: =+Q61*S61 -> 629838.46 | S61: =+BI61 -> 0.3 | T61: =+BJ61 -> 12.267206 | V61: 3612300 | W61: =+V61-X61 -> 3608940 | X61: =1330+2030 -> 3360 | Z61: 3 | AB61: 118.12 | AC61: 2387.08 | AD61: 3575 | AE61: 118 | AF61: 46160 | AH61: =+AR61*L61*0.3025 -> 2000.13 | AI61: =+J61*AR61*0.3025 -> 2586.375 | AJ61: =+(H61-P61)/V61 -> 0.95440578 | AL61: 브라이튼여의도 | AM61: 서울시 영등포구 여의도동 525 | AN61: 3943.5 | AO61: 46162 | AP61: 117 | AQ61: =+AN61/(AP61*0.3025) -> 111.42191 | AR61: 114 | AS61: 0.1 | AT61: =+AQ61*AR61*(1+AS61)*0.3025 -> 4226.6231 | AU61: =+AD61+AZ61 -> 3296.8871 | AV61: =+AT61-AU61 -> 929.73603 | AZ61: =+AH61-(AC61*AJ61) -> -278.11295 | BB61: =+AV61/AU61 -> 0.28200421 | BF61: 2729300 | BG61: =+BF61/(1+BI61) -> 2099461.5 | BH61: =+BF61-BG61 -> 629838.46 | BI61: 0.3 | BJ61: =+BG61/(E61*0.3025) -> 12.267206 | BO61: 1584 | BP61: =+BQ61-BO61 -> 546 | BQ61: 2130 | BR61: 155 | BS61: 80 | BT61: =+ROUND(BR61*BO61/BQ61,0) -> 115 | BU61: =+BR61-BT61 -> 40 | BV61: 991 | BW61: 114 | BX61: =+ROUND(BV61*BO61/BQ61,0) -> 737 | BY61: =+BV61-BX61 -> 254 | BZ61: 984 | CA61: =+CW61 -> 130.26178 | CB61: =+ROUND(BZ61*BO61/BQ61,0) -> 732 | CC61: =+BZ61-CB61 -> 252 | CE61: 343 | CG61: 153 | CH61: =+BS61 -> 80 | CI61: 190 | CJ61: =+BW61 -> 114 | CK61: =+BQ61+CE61+CF61 -> 2473 | CM61: 6 | CN61: 6176900 | CO61: =+N61 -> 1332639 | CP61: =+CM61*(CG61*CH61+CI61*CJ61)*0.3025 -> 61528.5 | CQ61: =+CN61-CO61-CP61 -> 4782732.5 | CR61: =+J61 -> 75 | CS61: =+L61 -> 58 | CT61: =+(CR61*BS61*BU61+CS61*BS61*BT61)*0.3025 -> 234014 | CU61: =+(CR61*BW61*BY61+CS61*BW61*BX61)*0.3025 -> 2131035.1 | CV61: =+CQ61-CT61-CU61 -> 2417683.4 | CW61: =+CV61/(CR61*CC61*0.3025+CS61*CB61*0.3025) -> 130.26178 | CY61: =+(BS61*BU61+BW61*BY61+CA61*CC61) -> 64981.969 | CZ61: =+CR61*(BS61*BU61+BW61*BY61+CA61*CC61)*0.3025 -> 1474278.4 | DA61: =+(BS61*BT61+BW61*BX61+CA61*CB61) -> 188569.63 | DB61: =+CS61*(BS61*BT61+BW61*BX61+CA61*CB61)*0.3025 -> 3308454.1
A62: 여의도 시범 | B62: 서울특별시 영등포구 여의도동 50 | C62: 45701 | D62: 서울특별시고시 제2025-80호 | E62: 565766.06 | F62: 구글링 | H62: =+I62+K62+M62+N62 -> 6176900 | I62: =+J62*CY62*0.3025 -> 1474278.4 | J62: 75 | K62: =+L62*DA62*0.3025 -> 3308454.1 | L62: 58 | M62: =+CP62 -> 61528.5 | N62: 1332639 | P62: =+Q62+R62 -> 2729300 | Q62: =+T62*E62*0.3025 -> 2099461.5 | R62: =+Q62*S62 -> 629838.46 | S62: =+BI62 -> 0.3 | T62: =+BJ62 -> 12.267206 | V62: 3612300 | W62: =+V62-X62 -> 3608940 | X62: =1330+2030 -> 3360 | Z62: 4 | AB62: 156.99 | AC62: 2964.5 | AD62: 4075 | AE62: 156 | AF62: 46160 | AH62: =+AR62*L62*0.3025 -> 2000.13 | AI62: =+J62*AR62*0.3025 -> 2586.375 | AJ62: =+(H62-P62)/V62 -> 0.95440578 | AL62: 브라이튼여의도 | AM62: 서울시 영등포구 여의도동 525 | AN62: 3943.5 | AO62: 46162 | AP62: 117 | AQ62: =+AN62/(AP62*0.3025) -> 111.42191 | AR62: 114 | AS62: 0.1 | AT62: =+AQ62*AR62*(1+AS62)*0.3025 -> 4226.6231 | AU62: =+AD62+AZ62 -> 3245.7941 | AV62: =+AT62-AU62 -> 980.82901 | AZ62: =+AH62-(AC62*AJ62) -> -829.20594 | BB62: =+AV62/AU62 -> 0.30218461 | BF62: 2729300 | BG62: =+BF62/(1+BI62) -> 2099461.5 | BH62: =+BF62-BG62 -> 629838.46 | BI62: 0.3 | BJ62: =+BG62/(E62*0.3025) -> 12.267206 | BO62: 1584 | BP62: =+BQ62-BO62 -> 546 | BQ62: 2130 | BR62: 155 | BS62: 80 | BT62: =+ROUND(BR62*BO62/BQ62,0) -> 115 | BU62: =+BR62-BT62 -> 40 | BV62: 991 | BW62: 114 | BX62: =+ROUND(BV62*BO62/BQ62,0) -> 737 | BY62: =+BV62-BX62 -> 254 | BZ62: 984 | CA62: =+CW62 -> 130.26178 | CB62: =+ROUND(BZ62*BO62/BQ62,0) -> 732 | CC62: =+BZ62-CB62 -> 252 | CE62: 343 | CG62: 153 | CH62: =+BS62 -> 80 | CI62: 190 | CJ62: =+BW62 -> 114 | CK62: =+BQ62+CE62+CF62 -> 2473 | CM62: 6 | CN62: 6176900 | CO62: =+N62 -> 1332639 | CP62: =+CM62*(CG62*CH62+CI62*CJ62)*0.3025 -> 61528.5 | CQ62: =+CN62-CO62-CP62 -> 4782732.5 | CR62: =+J62 -> 75 | CS62: =+L62 -> 58 | CT62: =+(CR62*BS62*BU62+CS62*BS62*BT62)*0.3025 -> 234014 | CU62: =+(CR62*BW62*BY62+CS62*BW62*BX62)*0.3025 -> 2131035.1 | CV62: =+CQ62-CT62-CU62 -> 2417683.4 | CW62: =+CV62/(CR62*CC62*0.3025+CS62*CB62*0.3025) -> 130.26178 | CY62: =+(BS62*BU62+BW62*BY62+CA62*CC62) -> 64981.969 | CZ62: =+CR62*(BS62*BU62+BW62*BY62+CA62*CC62)*0.3025 -> 1474278.4 | DA62: =+(BS62*BT62+BW62*BX62+CA62*CB62) -> 188569.63 | DB62: =+CS62*(BS62*BT62+BW62*BX62+CA62*CB62)*0.3025 -> 3308454.1
AI63: =+J63*AR63*0.3025 -> 0 | AT63: =+AQ63*AR63*(1+AS63)*0.3025 -> 0
A64: 대치 은마 | B64: 서울특별시 강남구 대치동 316 | C64: 45988 | D64: 서울특별시고시 제2025-655호 | E64: 1455687.1 | F64: 26.2.27 통합심의 | H64: =+I64+K64+M64+N64 -> 17327100 | I64: =+J64*CY64*0.3025 -> 1223823.2 | J64: 80 | K64: =+L64*DA64*0.3025 -> 14579061 | L64: =+J64*0.98 -> 78.4 | M64: =+CP64 -> 176715.66 | N64: 1347500 | P64: =+Q64+R64 -> 6463800 | Q64: =+T64*E64*0.3025 -> 4972153.8 | R64: =+Q64*S64 -> 1491646.2 | S64: =+BI64 -> 0.3 | T64: =+BJ64 -> 11.291487 | V64: 11536300 | W64: =2674*2400+1750*2700 -> 11142600 | X64: =+V64-W64 -> 393700 | Z64: 1 | AB64: 31평형 | AC64: 2400 | AD64: 3483 | AE64: 101 | AF64: 46160 | AH64: =+AR64*L64*0.3025 -> 2703.624 | AI64: =+J64*AR64*0.3025 -> 2758.8 | AJ64: =+(H64-P64)/V64 -> 0.9416624 | AL64: 대치푸르지오써밋 | AM64: 서울시 강남구 대치동 1032 | AN64: 4500 | AO64: 46162 | AP64: 108 | AQ64: =+AN64/(AP64*0.3025) -> 137.74105 | AR64: 114 | AS64: 0.1 | AT64: =+AQ64*AR64*(1+AS64)*0.3025 -> 5225 | AU64: =+AD64+AZ64 -> 3926.6342 | AV64: =+AT64-AU64 -> 1298.3658 | AZ64: =+AH64-(AC64*AJ64) -> 443.63423 | BB64: =+AV64/AU64 -> 0.33065615 | BF64: 6463800 | BG64: =+BF64/(1+BI64) -> 4972153.8 | BH64: =+BF64-BG64 -> 1491646.2 | BI64: 0.3 | BJ64: =+BG64/(E64*0.3025) -> 11.291487 | BO64: =2674+1750 -> 4424 | BP64: =+BQ64-BO64 -> 365 | BQ64: 4789 | BR64: 278 | BS64: 80 | BT64: =+ROUND(BR64*BO64/BQ64,0) -> 257 | BU64: =+BR64-BT64 -> 21 | BV64: 2603 | BW64: 114 | BX64: =+ROUND(BV64*BO64/BQ64,0) -> 2405 | BY64: =+BV64-BX64 -> 198 | BZ64: 1908 | CA64: =+CW64 -> 181.51177 | CB64: =+ROUND(BZ64*BO64/BQ64,0) -> 1763 | CC64: =+BZ64-CB64 -> 145 | CE64: 1104 | CG64: 838 | CH64: =+BS64 -> 80 | CI64: 266 | CJ64: =+BW64 -> 114 | CK64: =+BQ64+CE64+CF64 -> 5893 | CM64: 6 | CN64: 17327100 | CO64: =+N64 -> 1347500 | CP64: =+CM64*(CG64*CH64+CI64*CJ64)*0.3025 -> 176715.66 | CQ64: =+CN64-CO64-CP64 -> 15802884 | CR64: =+J64 -> 80 | CS64: =+L64 -> 78.4 | CT64: =+(CR64*BS64*BU64+CS64*BS64*BT64)*0.3025 -> 528256.96 | CU64: =+(CR64*BW64*BY64+CS64*BW64*BX64)*0.3025 -> 7048458.1 | CV64: =+CQ64-CT64-CU64 -> 8226169.3 | CW64: =+CV64/(CR64*CC64*0.3025+CS64*CB64*0.3025) -> 181.51177 | CY64: =+(BS64*BU64+BW64*BY64+CA64*CC64) -> 50571.206 | CZ64: =+CR64*(BS64*BU64+BW64*BY64+CA64*CC64)*0.3025 -> 1223823.2 | DA64: =+(BS64*BT64+BW64*BX64+CA64*CB64) -> 614735.25 | DB64: =+CS64*(BS64*BT64+BW64*BX64+CA64*CB64)*0.3025 -> 14579061
A65: 대치 은마 | B65: 서울특별시 강남구 대치동 316 | C65: 45988 | D65: 서울특별시고시 제2025-655호 | E65: 1455687.1 | F65: 26.2.27 통합심의 | H65: =+I65+K65+M65+N65 -> 17327100 | I65: =+J65*CY65*0.3025 -> 1223823.2 | J65: 80 | K65: =+L65*DA65*0.3025 -> 14579061 | L65: =+J65*0.98 -> 78.4 | M65: =+CP65 -> 176715.66 | N65: 1347500 | P65: =+Q65+R65 -> 6463800 | Q65: =+T65*E65*0.3025 -> 4972153.8 | R65: =+Q65*S65 -> 1491646.2 | S65: =+BI65 -> 0.3 | T65: =+BJ65 -> 11.291487 | V65: 11536300 | W65: =2674*2400+1750*2700 -> 11142600 | X65: =+V65-W65 -> 393700 | Z65: 2 | AB65: 33평형 | AC65: 2700 | AD65: 3867 | AE65: 115 | AF65: 46160 | AH65: =+AR65*L65*0.3025 -> 2703.624 | AI65: =+J65*AR65*0.3025 -> 2758.8 | AJ65: =+(H65-P65)/V65 -> 0.9416624 | AL65: 대치푸르지오써밋 | AM65: 서울시 강남구 대치동 1032 | AN65: 4500 | AO65: 46162 | AP65: 108 | AQ65: =+AN65/(AP65*0.3025) -> 137.74105 | AR65: 114 | AS65: 0.1 | AT65: =+AQ65*AR65*(1+AS65)*0.3025 -> 5225 | AU65: =+AD65+AZ65 -> 4028.1355 | AV65: =+AT65-AU65 -> 1196.8645 | AZ65: =+AH65-(AC65*AJ65) -> 161.13551 | BB65: =+AV65/AU65 -> 0.29712617 | BF65: 6463800 | BG65: =+BF65/(1+BI65) -> 4972153.8 | BH65: =+BF65-BG65 -> 1491646.2 | BI65: 0.3 | BJ65: =+BG65/(E65*0.3025) -> 11.291487 | BO65: =2674+1750 -> 4424 | BP65: =+BQ65-BO65 -> 365 | BQ65: 4789 | BR65: 278 | BS65: 80 | BT65: =+ROUND(BR65*BO65/BQ65,0) -> 257 | BU65: =+BR65-BT65 -> 21 | BV65: 2603 | BW65: 114 | BX65: =+ROUND(BV65*BO65/BQ65,0) -> 2405 | BY65: =+BV65-BX65 -> 198 | BZ65: 1908 | CA65: =+CW65 -> 181.51177 | CB65: =+ROUND(BZ65*BO65/BQ65,0) -> 1763 | CC65: =+BZ65-CB65 -> 145 | CE65: 1104 | CG65: 838 | CH65: =+BS65 -> 80 | CI65: 266 | CJ65: =+BW65 -> 114 | CK65: =+BQ65+CE65+CF65 -> 5893 | CM65: 6 | CN65: 17327100 | CO65: =+N65 -> 1347500 | CP65: =+CM65*(CG65*CH65+CI65*CJ65)*0.3025 -> 176715.66 | CQ65: =+CN65-CO65-CP65 -> 15802884 | CR65: =+J65 -> 80 | CS65: =+L65 -> 78.4 | CT65: =+(CR65*BS65*BU65+CS65*BS65*BT65)*0.3025 -> 528256.96 | CU65: =+(CR65*BW65*BY65+CS65*BW65*BX65)*0.3025 -> 7048458.1 | CV65: =+CQ65-CT65-CU65 -> 8226169.3 | CW65: =+CV65/(CR65*CC65*0.3025+CS65*CB65*0.3025) -> 181.51177 | CY65: =+(BS65*BU65+BW65*BY65+CA65*CC65) -> 50571.206 | CZ65: =+CR65*(BS65*BU65+BW65*BY65+CA65*CC65)*0.3025 -> 1223823.2 | DA65: =+(BS65*BT65+BW65*BX65+CA65*CB65) -> 614735.25 | DB65: =+CS65*(BS65*BT65+BW65*BX65+CA65*CB65)*0.3025 -> 14579061

Sheet 최초
G1: 건축계획 | S1: 슬라이더 | W1: 종후-조합원분양물량 | AX1: 슬라이더 | AZ1: 종후-일반분양물량 | BI1: 슬라이더 | BK1: 종후-임대물량 | BY1: 종후-주택 외 | CB1: 종전 | CG1: 매주업데이트 | CM1: 매주업데이트 | CS1: 매주업데이트 | CY1: 매주업데이트 | DE1: 매주업데이트 | DK1: 매주업데이트 | DQ1: 매주업데이트 | DW1: 매주업데이트 | EC1: 매주업데이트 | EI1: 매주업데이트 | EO1: 매주업데이트 | EU1: 매주업데이트 | FA1: 매주업데이트 | FG1: 매주업데이트 | FM1: 매주업데이트 | FS1: 매주업데이트 | FY1: 매주업데이트 | GE1: 매주업데이트 | GK1: 매주업데이트 | GQ1: 매주업데이트 | GW1: 매주업데이트 | HC1: 매주업데이트 | HJ1: 마진 계산용 참고단지 자료 | HL1: 매주업데이트 | HS1: 분담금 시뮬레이션 | JN1: 마진 시뮬레이션 | ME1: 랭킹 기준
A2: 명칭 | B2: 주소 | C2: 고시문 날짜 | D2: 고시명 | G2: 대지1면적m2 | H2: 대지1용도지역 | I2: 대지1용적률 | J2: 대지2면적m2 | K2: 대지2용도지역 | L2: 대지2용적률 | M2: 주차대수 | N2: 대지면적1기준연면적m2 | O2: 대지면적2기준연면적m2 | P2: 지하연면적 | Q2: 연면적합계m2 | R2: 연면적 출처 | S2: 평당공사비(백만원) | T2: 기타사업비(백만원) | U2: 사업비누계(백만원) | V2: 연면적출처 | W2: 조분1전유면적m2 | X2: 조분1분양면적m2 | Y2: 조분1세대수 | Z2: 조분2전유면적m2 | AA2: 조분2분양면적m2 | AB2: 조분2세대수 | AC2: 조분3전유면적m2 | AD2: 조분3분양면적m2 | AE2: 조분3세대수 | AF2: 조분4전유면적m2 | AG2: 조분4분양면적m2 | AH2: 조분4세대수 | AI2: 조분5전유면적m2 | AJ2: 조분5분양면적m2 | AK2: 조분5세대수 | AL2: 조분6전유면적m2 | AM2: 조분6분양면적m2 | AN2: 조분6세대수 | AO2: 조분7전유면적m2 | AP2: 조분7분양면적m2 | AQ2: 조분7세대수 | AR2: 조분8전유면적m2 | AS2: 조분8분양면적m2 | AT2: 조분8세대수 | AU2: 조분9전유면적m2 | AV2: 조분9분양면적m2 | AW2: 조분9세대수 | AX2: 조분평단가(백만원) | AY2: 조분 계 | AZ2: 일분1전유면적m2 | BA2: 일분1분양면적m2 | BB2: 일분1세대수 | BC2: 일분2전유면적m2 | BD2: 일분2분양면적m2 | BE2: 일분2세대수 | BF2: 일분3전유면적m2 | BG2: 일분3분양면적m2 | BH2: 일분3세대수 | BI2: 일분평단가(백만원) | BJ2: 일분 계 | BK2: 임대1전유면적m2 | BL2: 임대1분양면적m2 | BM2: 임대1세대수 | BN2: 임대2전유면적m2 | BO2: 임대2분양면적m2 | BP2: 임대2세대수 | BQ2: 임대3전유면적m2 | BR2: 임대3분양면적m2 | BS2: 임대3세대수 | BT2: 임대4전유면적m2 | BU2: 임대4분양면적m2 | BV2: 임대4세대수 | BW2: 임대평단가(백만원) | BX2: 임대 계 | BY2: 종후-주택 외 | BZ2: 종후자산 총계 | CA2: 세대구분 / 면적구분 출처 | CB2: 종전1단지명 | CC2: 종전1타입명 | CD2: 종전1전용면적m2 | CE2: 종전1세대수 | CF2: 종전1세대단가 | CG2: 종전1KB시세 | CH2: 종전2단지명 | CI2: 종전2타입명 | CJ2: 종전2전용면적m2 | CK2: 종전2세대수 | CL2: 종전2세대단가 | CM2: 종전2KB시세 | CN2: 종전3단지명 | CO2: 종전3타입명 | CP2: 종전3전용면적m2 | CQ2: 종전3세대수 | CR2: 종전3세대단가 | CS2: 종전3KB시세 | CT2: 종전4단지명 | CU2: 종전4타입명 | CV2: 종전4전용면적m2 | CW2: 종전4세대수 | CX2: 종전4세대단가 | CY2: 종전4KB시세 | CZ2: 종전5단지명 | DA2: 종전5타입명 | DB2: 종전5전용면적m2 | DC2: 종전5세대수 | DD2: 종전5세대단가 | DE2: 종전5KB시세 | DF2: 종전6단지명 | DG2: 종전6타입명 | DH2: 종전6전용면적m2 | DI2: 종전6세대수 | DJ2: 종전6세대단가 | DK2: 종전6KB시세 | DL2: 종전7단지명 | DM2: 종전7타입명 | DN2: 종전7전용면적m2 | DO2: 종전7세대수 | DP2: 종전7세대단가 | DQ2: 종전7KB시세 | DR2: 종전8단지명 | DS2: 종전8타입명 | DT2: 종전8전용면적m2 | DU2: 종전8세대수 | DV2: 종전8세대단가 | DW2: 종전8KB시세 | DX2: 종전9단지명 | DY2: 종전9타입명 | DZ2: 종전9전용면적m2 | EA2: 종전9세대수 | EB2: 종전9세대단가 | EC2: 종전9KB시세 | ED2: 종전10단지명 | EE2: 종전10타입명 | EF2: 종전10전용면적m2 | EG2: 종전10세대수 | EH2: 종전10세대단가 | EI2: 종전10KB시세 | EJ2: 종전11단지명 | EK2: 종전11타입명 | EL2: 종전11전용면적m2 | EM2: 종전11세대수 | EN2: 종전11세대단가 | EO2: 종전11KB시세 | EP2: 종전12단지명 | EQ2: 종전12타입명 | ER2: 종전12전용면적m2 | ES2: 종전12세대수 | ET2: 종전12세대단가 | EU2: 종전12KB시세 | EV2: 종전13단지명 | EW2: 종전13타입명 | EX2: 종전13전용면적m2 | EY2: 종전13세대수 | EZ2: 종전13세대단가 | FA2: 종전13KB시세 | FB2: 종전14단지명 | FC2: 종전14타입명 | FD2: 종전14전용면적m2 | FE2: 종전14세대수 | FF2: 종전14세대단가 | FG2: 종전14KB시세 | FH2: 종전15단지명 | FI2: 종전15타입명 | FJ2: 종전15전용면적m2 | FK2: 종전15세대수 | FL2: 종전15세대단가 | FM2: 종전15KB시세 | FN2: 종전16단지명 | FO2: 종전16타입명 | FP2: 종전16전용면적m2 | FQ2: 종전16세대수 | FR2: 종전16세대단가 | FS2: 종전16KB시세 | FT2: 종전17단지명 | FU2: 종전17타입명 | FV2: 종전17전용면적m2 | FW2: 종전17세대수 | FX2: 종전17세대단가 | FY2: 종전17KB시세 | FZ2: 종전18단지명 | GA2: 종전18타입명 | GB2: 종전18전용면적m2 | GC2: 종전18세대수 | GD2: 종전18세대단가 | GE2: 종전18KB시세 | GF2: 종전19단지명 | GG2: 종전19타입명 | GH2: 종전19전용면적m2 | GI2: 종전19세대수 | GJ2: 종전19세대단가 | GK2: 종전19KB시세 | GL2: 종전20단지명 | GM2: 종전20타입명 | GN2: 종전20전용면적m2 | GO2: 종전20세대수 | GP2: 종전20세대단가 | GQ2: 종전20KB시세 | GR2: 종전21단지명 | GS2: 종전21타입명 | GT2: 종전21전용면적m2 | GU2: 종전21세대수 | GV2: 종전21세대단가 | GW2: 종전21KB시세 | GX2: 종전22단지명 | GY2: 종전22타입명 | GZ2: 종전22전용면적m2 | HA2: 종전22세대수 | HB2: 종전22세대단가 | HC2: 종전22KB시세 | HD2: 종전세대 합계 | HE2: 종전(주택)합계 | HF2: 주택 외 종전자산(상가 등) | HG2: 종전자산 총계 | HH2: 비례율 | HJ2: 참조단지 | HK2: 참조단지 전용84분양면적 | HL2: 참조단지 전용84KB시세 | HM2: 참조단지 분양평단가 | HN2: 신축보정 | HO2: 본건84 분양면적 | HP2: 본건 전용84 신축 가액 추정 | HR2: 전용84분양면적 | HS2: 전용 84 조분가 | HU2: 종전1권리가액 | HV2: 종전1분담금 | HW2: 종전2권리가액 | HX2: 종전2분담금 | HY2: 종전3권리가액 | HZ2: 종전3분담금 | IA2: 종전4권리가액 | IB2: 종전4분담금 | IC2: 종전5권리가액 | ID2: 종전5분담금 | IE2: 종전6권리가액 | IF2: 종전6분담금 | IG2: 종전7권리가액 | IH2: 종전7분담금 | II2: 종전8권리가액 | IJ2: 종전8분담금 | IK2: 종전9권리가액 | IL2: 종전9분담금 | IM2: 종전10권리가액 | IN2: 종전10분담금 | IO2: 종전11권리가액 | IP2: 종전11분담금 | IQ2: 종전12권리가액 | IR2: 종전12분담금 | IS2: 종전13권리가액 | IT2: 종전13분담금 | IU2: 종전14권리가액 | IV2: 종전14분담금 | IW2: 종전15권리가액 | IX2: 종전15분담금 | IY2: 종전16권리가액 | IZ2: 종전16분담금 | JA2: 종전17권리가액 | JB2: 종전17분담금 | JC2: 종전18권리가액 | JD2: 종전18분담금 | JE2: 종전19권리가액 | JF2: 종전19분담금 | JG2: 종전20권리가액 | JH2: 종전20분담금 | JI2: 종전21권리가액 | JJ2: 종전21분담금 | JK2: 종전22권리가액 | JL2: 종전22분담금 | JN2: 84 신축가액 | JP2: 종전1총투자금(KB시세+분담금) | JQ2: 종전1마진 | JR2: 종전1ROI수익률 | JS2: 종전2총투자금(KB시세+분담금) | JT2: 종전2마진 | JU2: 종전2ROI수익률 | JV2: 종전3총투자금(KB시세+분담금) | JW2: 종전3마진 | JX2: 종전3ROI수익률 | JY2: 종전4총투자금(KB시세+분담금) | JZ2: 종전4마진 | KA2: 종전4ROI수익률 | KB2: 종전5총투자금(KB시세+분담금) | KC2: 종전5마진 | KD2: 종전5ROI수익률 | KE2: 종전6총투자금(KB시세+분담금) | KF2: 종전6마진 | KG2: 종전6ROI수익률 | KH2: 종전7총투자금(KB시세+분담금) | KI2: 종전7마진 | KJ2: 종전7ROI수익률 | KK2: 종전8총투자금(KB시세+분담금) | KL2: 종전8마진 | KM2: 종전8ROI수익률 | KN2: 종전9총투자금(KB시세+분담금) | KO2: 종전9마진 | KP2: 종전9ROI수익률 | KQ2: 종전10총투자금(KB시세+분담금) | KR2: 종전10마진 | KS2: 종전10ROI수익률 | KT2: 종전11총투자금(KB시세+분담금) | KU2: 종전11마진 | KV2: 종전11ROI수익률 | KW2: 종전12총투자금(KB시세+분담금) | KX2: 종전12마진 | KY2: 종전12ROI수익률 | KZ2: 종전13총투자금(KB시세+분담금) | LA2: 종전13마진 | LB2: 종전13ROI수익률 | LC2: 종전14총투자금(KB시세+분담금) | LD2: 종전14마진 | LE2: 종전14ROI수익률 | LF2: 종전15총투자금(KB시세+분담금) | LG2: 종전15마진 | LH2: 종전15ROI수익률 | LI2: 종전16총투자금(KB시세+분담금) | LJ2: 종전16마진 | LK2: 종전16ROI수익률 | LL2: 종전17총투자금(KB시세+분담금) | LM2: 종전17마진 | LN2: 종전17ROI수익률 | LO2: 종전18총투자금(KB시세+분담금) | LP2: 종전18마진 | LQ2: 종전18ROI수익률 | LR2: 종전19총투자금(KB시세+분담금) | LS2: 종전19마진 | LT2: 종전19ROI수익률 | LU2: 종전20총투자금(KB시세+분담금) | LV2: 종전20마진 | LW2: 종전20ROI수익률 | LX2: 종전21총투자금(KB시세+분담금) | LY2: 종전21마진 | LZ2: 종전21ROI수익률 | MA2: 종전22총투자금(KB시세+분담금) | MB2: 종전22마진 | MC2: 종전22ROI수익률 | ME2: 최대 ROI 수익률
A3: 압구정3구역 | B3: 서울특별시 강남구 압구정동 369-1 | C3: 45992 | D3: 서울특별시 강남구공고 제 2025-2711호 | G3: =+'1_압구정3'!E14 -> 240446 | H3: =+'1_압구정3'!D14 -> 3종일주 | I3: =+'1_압구정3'!G17 -> 2.9999 | J3: =+'1_압구정3'!E15 -> 28970.6 | K3: =+'1_압구정3'!D15 -> 준주 | L3: =+'1_압구정3'!G18 -> 4.3689 | M3: =+'1_압구정3'!G19 -> 10918 | N3: =+G3*I3 -> 721313.96 | O3: =+J3*L3 -> 126569.65 | P3: =+Q3-N3-O3 -> 566569.34 | Q3: =+'1_압구정3'!N20 -> 1414453 | R3: 구글링 | S3: =+'1_압구정3'!E148 -> 10.58 | T3: 0.3 | U3: =+Q3*0.3025*(S3)*(1+T3) -> 5884951.7 | V3: 구글링/주차대수x세대당 50m2 접근시 1%이내 편차 가능 | W3: =+'1_압구정3'!G154 -> 59 | X3: =+'1_압구정3'!H154 -> 80.071429 | Y3: =+'1_압구정3'!F154 -> 0 | Z3: =+'1_압구정3'!G155 -> 84 | AA3: =+'1_압구정3'!H155 -> 114 | AB3: =+'1_압구정3'!F155 -> 408 | AC3: =+'1_압구정3'!G156 -> 143.18388 | AD3: =+'1_압구정3'!H156 -> 194.32098 | AE3: =+'1_압구정3'!F156 -> 3526 | AX3: 83 | AY3: =+(Y3*X3+AB3*AA3+AE3*AD3+AH3*AG3+AK3*AJ3+AN3*AM3+AQ3*AP3+AT3*AS3+AW3*AV3)*AX3*0.3025 -> 18370851 | AZ3: =+'1_압구정3'!G157 -> 59 | BA3: =+'1_압구정3'!H157 -> 80.071429 | BB3: =+'1_압구정3'!F157 -> 522 | BC3: =+'1_압구정3'!G158 -> 84 | BD3: =+'1_압구정3'!H158 -> 114 | BE3: =+'1_압구정3'!F158 -> 78 | BF3: =+'1_압구정3'!G159 -> 143.18388 | BG3: =+'1_압구정3'!H159 -> 194.32098 | BH3: =+'1_압구정3'!F159 -> 0 | BI3: 85 | BJ3: =+(BB3*BA3+BE3*BD3+BH3*BG3)*BI3*0.3025 -> 1303348.3 | BK3: =+'1_압구정3'!G161 -> 59 | BL3: =+'1_압구정3'!H161 -> 80.071429 | BM3: =+'1_압구정3'!F161 -> 511 | BN3: =+'1_압구정3'!G162 -> 84 | BO3: =+'1_압구정3'!H162 -> 114 | BP3: =+'1_압구정3'!F162 -> 130 | BQ3: =+'1_압구정3'!G163 -> 143.18388 | BR3: =+'1_압구정3'!H163 -> 194.32098 | BS3: =+'1_압구정3'!F163 -> 0 | BW3: 6 | BX3: =+(BM3*BL3+BP3*BO3+BS3*BR3)*BW3*0.3025 -> 101161.75 | BY3: =+'1_압구정3'!K165 -> 1332639 | BZ3: =+AY3+BJ3+BX3+BY3 -> 21108000 | CA3: 고시문 면적구분(60이하, 60~85, 85초과), 종후자산가액기준 자체추정 | CB3: ='1_압구정3'!C184 -> 1,2차 | CC3: ='1_압구정3'!D184 -> 43 | CD3: ='1_압구정3'!Q184 -> 131.48 | CE3: ='1_압구정3'!E184 -> 216 | CF3: ='1_압구정3'!F184 -> 5063 | CG3: ='1_압구정3'!R184 -> 6683.5 | CH3: ='1_압구정3'!C185 -> 1,2차 | CI3: ='1_압구정3'!D185 -> 53 | CJ3: ='1_압구정3'!Q185 -> 161.19 | CK3: ='1_압구정3'!E185 -> 180 | CL3: ='1_압구정3'!F185 -> 7088 | CM3: ='1_압구정3'!R185 -> 8616.5 | CN3: ='1_압구정3'!C186 -> 1,2차 | CO3: ='1_압구정3'!D186 -> 54 | CP3: ='1_압구정3'!Q186 -> 172.94 | CQ3: ='1_압구정3'!E186 -> 264 | CR3: ='1_압구정3'!F186 -> 6928 | CS3: ='1_압구정3'!R186 -> 9670.1319 | CT3: ='1_압구정3'!C187 -> 1,2차 | CU3: ='1_압구정3'!D187 -> 65 | CV3: ='1_압구정3'!Q187 -> 196.21 | CW3: ='1_압구정3'!E187 -> 300 | CX3: ='1_압구정3'!F187 -> 8328 | CY3: ='1_압구정3'!R187 -> 12091.5 | CZ3: ='1_압구정3'!C188 -> 3차 | DA3: ='1_압구정3'!D188 -> 33 | DB3: ='1_압구정3'!Q188 -> 82.5 | DC3: ='1_압구정3'!E188 -> 432 | DD3: ='1_압구정3'!F188 -> 4091 | DE3: ='1_압구정3'!R188 -> 5662.5 | DF3: ='1_압구정3'!C189 -> 4차 | DG3: ='1_압구정3'!D189 -> 44 | DH3: ='1_압구정3'!Q189 -> 117.91 | DI3: ='1_압구정3'!E189 -> 170 | DJ3: ='1_압구정3'!F189 -> 5989 | DK3: ='1_압구정3'!R189 -> 7750 | DL3: ='1_압구정3'!C190 -> 5차 | DM3: ='1_압구정3'!D190 -> 35 | DN3: ='1_압구정3'!Q190 -> 82.23 | DO3: ='1_압구정3'!E190 -> 224 | DP3: ='1_압구정3'!F190 -> 4259 | DQ3: ='1_압구정3'!R190 -> 6200 | DR3: ='1_압구정3'!C191 -> 6,7차 | DS3: ='1_압구정3'!D191 -> 48 | DT3: ='1_압구정3'!Q191 -> 144.7 | DU3: ='1_압구정3'!E191 -> 560 | DV3: ='1_압구정3'!F191 -> 5798 | DW3: ='1_압구정3'!R191 -> 7608.5 | DX3: ='1_압구정3'!C192 -> 6,7차 | DY3: ='1_압구정3'!D192 -> 53 | DZ3: ='1_압구정3'!Q192 -> 157.36 | EA3: ='1_압구정3'!E192 -> 420 | EB3: ='1_압구정3'!F192 -> 6373 | EC3: ='1_압구정3'!R192 -> 8550 | ED3: ='1_압구정3'!C193 -> 6,7차 | EE3: ='1_압구정3'!D193 -> 65 | EF3: ='1_압구정3'!Q193 -> 196.7 | EG3: ='1_압구정3'!E193 -> 252 | EH3: ='1_압구정3'!F193 -> 7979 | EI3: ='1_압구정3'!R193 -> 9883.5 | EJ3: ='1_압구정3'!C194 -> 6,7차 | EK3: ='1_압구정3'!D194 -> 80 | EL3: ='1_압구정3'!Q194 -> 245.2 | EM3: ='1_압구정3'!E194 -> 56 | EN3: ='1_압구정3'!F194 -> 9995 | EO3: ='1_압구정3'!R194 -> 12641.5 | EP3: ='1_압구정3'!C195 -> 10차 | EQ3: ='1_압구정3'!D195 -> 36 | ER3: ='1_압구정3'!Q195 -> 108.15 | ES3: ='1_압구정3'!E195 -> 96 | ET3: ='1_압구정3'!F195 -> 4337 | EU3: ='1_압구정3'!R195 -> 6175 | EV3: ='1_압구정3'!C196 -> 10차 | EW3: ='1_압구정3'!D196 -> 50 | EX3: ='1_압구정3'!Q196 -> 151.93 | EY3: ='1_압구정3'!E196 -> 48 | EZ3: ='1_압구정3'!F196 -> 6145 | FA3: ='1_압구정3'!R196 -> 7675 | FB3: ='1_압구정3'!C197 -> 13차 | FC3: ='1_압구정3'!D197 -> 36A | FD3: ='1_압구정3'!Q197 -> 105.45 | FE3: ='1_압구정3'!E197 -> 104 | FF3: ='1_압구정3'!F197 -> 4660 | FG3: ='1_압구정3'!R197 -> 6550 | FH3: ='1_압구정3'!C198 -> 13차 | FI3: ='1_압구정3'!D198 -> 36B | FJ3: ='1_압구정3'!Q198 -> 108.47 | FK3: ='1_압구정3'!E198 -> 130 | FL3: ='1_압구정3'!F198 -> 4660 | FM3: ='1_압구정3'!R198 -> 6550 | FN3: ='1_압구정3'!C199 -> 14차 | FO3: ='1_압구정3'!D199 -> 32 | FP3: ='1_압구정3'!Q199 -> 84.98 | FQ3: ='1_압구정3'!E199 -> 388 | FR3: ='1_압구정3'!F199 -> 4348 | FS3: ='1_압구정3'!R199 -> 6250 | FT3: ='1_압구정3'!C200 -> 대림아크로빌 | FU3: ='1_압구정3'!D200 -> 75 | FV3: ='1_압구정3'!Q200 -> 232.67 | FW3: ='1_압구정3'!E200 -> 4 | FX3: ='1_압구정3'!F200 -> 6467 | FY3: ='1_압구정3'!R200 -> 10873.832 | FZ3: ='1_압구정3'!C201 -> 대림아크로빌 | GA3: ='1_압구정3'!D201 -> 93 | GB3: ='1_압구정3'!Q201 -> 243.96 | GC3: ='1_압구정3'!E201 -> 52 | GD3: ='1_압구정3'!F201 -> 7449 | GE3: ='1_압구정3'!R201 -> 12525 | GF3: ='1_압구정3'!C202 -> 대림빌라트 | GG3: ='1_압구정3'!D202 -> 75 | GH3: ='1_압구정3'!Q202 -> 193.33 | GI3: ='1_압구정3'!E202 -> 17 | GJ3: ='1_압구정3'!F202 -> 5499 | GK3: ='1_압구정3'!R202 -> 7259.0493 | GL3: ='1_압구정3'!C203 -> 대림빌라트 | GM3: ='1_압구정3'!D203 -> 93 | GN3: ='1_압구정3'!Q203 -> 234.75 | GO3: ='1_압구정3'!E203 -> 2 | GP3: ='1_압구정3'!F203 -> 6602 | GQ3: ='1_압구정3'!R203 -> 8715.0833 | GR3: ='1_압구정3'!C204 -> 현대빌라트 | GS3: ='1_압구정3'!D204 -> 73 | GT3: ='1_압구정3'!Q204 -> 181.81 | GU3: ='1_압구정3'!E204 -> 17 | GV3: ='1_압구정3'!F204 -> 5490 | GW3: ='1_압구정3'!R204 -> 7247.1687 | GX3: ='1_압구정3'!C205 -> 현대빌라트 | GY3: ='1_압구정3'!D205 -> 87 | GZ3: ='1_압구정3'!Q205 -> 217.03 | HA3: ='1_압구정3'!E205 -> 2 | HB3: ='1_압구정3'!F205 -> 6403 | HC3: ='1_압구정3'!R205 -> 8452.39 | HD3: =CE3+CK3+CQ3+CW3+DC3+DI3+DO3+DU3+EA3+EG3+EM3+ES3+EY3+FE3+FK3+FQ3+FW3+GC3+GI3+GO3+GU3+HA3 -> 3934 | HE3: =CE3*CF3+CK3*CL3+CQ3*CR3+CW3*CX3+DC3*DD3+DI3*DJ3+DO3*DP3+DU3*DV3+EA3*EB3+EG3*EH3+EM3*EN3+ES3*ET3+EY3*EZ3+FE3*FF3+FK3*FL3+FQ3*FR3+FW3*FX3+GC3*GD3+GI3*GJ3+GO3*GP3+GU3*GV3+HA3*HB3 -> 23045081 | HF3: =+'1_압구정3'!G207 -> 1891257 | HG3: =+HE3+HF3 -> 24936338 | HH3: =+(BZ3-U3)/HG3 -> 0.6104765 | HJ3: =+'1_압구정3'!Y181 -> 래미안원배일리 | HK3: =+'1_압구정3'!Y184 -> 111.79 | HL3: =+'1_압구정3'!X184 -> 6800 | HM3: =+HL3/(HK3*0.3025) -> 201.08542 | HN3: =+HM3*1.1 -> 221.19396 | HO3: =+HR3 -> 114 | HP3: =+HO3*HN3*0.3025 -> 7627.8737 | HR3: {=_xlfn.IFS(INT(W3)=84,X3,INT(Z3)=84,AA3,INT(AC3)=84,AD3,INT(AF3)=84,AG3,INT(AI3)=84,AJ3,INT(AL3)=84,AM3,INT(AO3)=84,AP3,INT(AR3)=84,AS3,INT(AU3)=84,AV3,TRUE,NA())} -> 114 | HS3: =HR3*AX3*0.3025 -> 2862.255 | HU3: =+CF3*$HH3 -> 3090.8425 | HV3: =+$HS3-HU3 -> -228.5875 | HW3: =+CL3*$HH3 -> 4327.0574 | HX3: =+$HS3-HW3 -> -1464.8024 | HY3: =+CR3*$HH3 -> 4229.3812 | HZ3: =+$HS3-HY3 -> -1367.1262 | IA3: =+CX3*$HH3 -> 5084.0483 | IB3: =+$HS3-IA3 -> -2221.7933 | IC3: =+DD3*$HH3 -> 2497.4593 | ID3: =+$HS3-IC3 -> 364.79565 | IE3: =+DJ3*$HH3 -> 3656.1437 | IF3: =+$HS3-IE3 -> -793.88874 | IG3: =+DP3*$HH3 -> 2600.0194 | IH3: =+$HS3-IG3 -> 262.2356 | II3: =+DV3*$HH3 -> 3539.5427 | IJ3: =+$HS3-II3 -> -677.28773 | IK3: =+EB3*$HH3 -> 3890.5667 | IL3: =+$HS3-IK3 -> -1028.3117 | IM3: =+EH3*$HH3 -> 4870.992 | IN3: =+$HS3-IM3 -> -2008.737 | IO3: =+EN3*$HH3 -> 6101.7126 | IP3: =+$HS3-IO3 -> -3239.4576 | IQ3: =+ET3*$HH3 -> 2647.6366 | IR3: =+$HS3-IQ3 -> 214.61843 | IS3: =+EZ3*$HH3 -> 3751.3781 | IT3: =+$HS3-IS3 -> -889.12307 | IU3: =+FF3*$HH3 -> 2844.8205 | IV3: =+$HS3-IU3 -> 17.434523 | IW3: =+FL3*$HH3 -> 2844.8205 | IX3: =+$HS3-IW3 -> 17.434523 | IY3: =+FR3*$HH3 -> 2654.3518 | IZ3: =+$HS3-IY3 -> 207.90319 | JA3: =+FX3*$HH3 -> 3947.9515 | JB3: =+$HS3-JA3 -> -1085.6965 | JC3: =+GD3*$HH3 -> 4547.4394 | JD3: =+$HS3-JC3 -> -1685.1844 | JE3: =+GJ3*$HH3 -> 3357.0103 | JF3: =+$HS3-JE3 -> -494.75526 | JG3: =+GP3*$HH3 -> 4030.3658 | JH3: =+$HS3-JG3 -> -1168.1108 | JI3: =+GV3*$HH3 -> 3351.516 | JJ3: =+$HS3-JI3 -> -489.26097 | JK3: =+HB3*$HH3 -> 3908.881 | JL3: =+$HS3-JK3 -> -1046.626 | JN3: =+HP3 -> 7627.8737 | JP3: =+CG3+HV3 -> 6454.9125 | JQ3: =+JN3-JP3 -> 1172.9612 | JR3: =IFERROR(JQ3/JP3,"") -> 0.18171605 | JS3: =+CM3+HX3 -> 7151.6976 | JT3: =+JN3-JS3 -> 476.1761 | JU3: =IFERROR(JT3/JS3,"") -> 0.066582248 | JV3: =+CS3+HZ3 -> 8303.0057 | JW3: =+JN3-JV3 -> -675.13201 | JX3: =IFERROR(JW3/JV3,"") -> -0.081311761 | JY3: =+CY3+IB3 -> 9869.7067 | JZ3: =+JN3-JY3 -> -2241.833 | KA3: =IFERROR(JZ3/JY3,"") -> -0.22714282 | KB3: =+DE3+ID3 -> 6027.2957 | KC3: =+JN3-KB3 -> 1600.578 | KD3: =IFERROR(KC3/KB3,"") -> 0.26555492 | KE3: =+DK3+IF3 -> 6956.1113 | KF3: =+JN3-KE3 -> 671.76243 | KG3: =IFERROR(KF3/KE3,"") -> 0.096571548 | KH3: =+DQ3+IH3 -> 6462.2356 | KI3: =+JN3-KH3 -> 1165.6381 | KJ3: =IFERROR(KI3/KH3,"") -> 0.18037691 | KK3: =+DW3+IJ3 -> 6931.2123 | KL3: =+JN3-KK3 -> 696.66142 | KM3: =IFERROR(KL3/KK3,"") -> 0.10051076 | KN3: =+EC3+IL3 -> 7521.6883 | KO3: =+JN3-KN3 -> 106.18541 | KP3: =IFERROR(KO3/KN3,"") -> 0.014117231 | KQ3: =+EI3+IN3 -> 7874.763 | KR3: =+JN3-KQ3 -> -246.88934 | KS3: =IFERROR(KR3/KQ3,"") -> -0.03135197 | KT3: =+EO3+IP3 -> 9402.0424 | KU3: =+JN3-KT3 -> -1774.1687 | KV3: =IFERROR(KU3/KT3,"") -> -0.18870035 | KW3: =+EU3+IR3 -> 6389.6184 | KX3: =+JN3-KW3 -> 1238.2553 | KY3: =IFERROR(KX3/KW3,"") -> 0.19379174 | KZ3: =+FA3+IT3 -> 6785.8769 | LA3: =+JN3-KZ3 -> 841.99677 | LB3: =IFERROR(LA3/KZ3,"") -> 0.12408076 | LC3: =+FG3+IV3 -> 6567.4345 | LD3: =+JN3-LC3 -> 1060.4392 | LE3: =IFERROR(LD3/LC3,"") -> 0.16146932 | LF3: =+FM3+IX3 -> 6567.4345 | LG3: =+JN3-LF3 -> 1060.4392 | LH3: =IFERROR(LG3/LF3,"") -> 0.16146932 | LI3: =+FS3+IZ3 -> 6457.9032 | LJ3: =+JN3-LI3 -> 1169.9705 | LK3: =IFERROR(LJ3/LI3,"") -> 0.18116879 | LL3: =+FY3+JB3 -> 9788.1356 | LM3: =+JN3-LL3 -> -2160.2619 | LN3: =IFERROR(LM3/LL3,"") -> -0.22070208 | LO3: =+GE3+JD3 -> 10839.816 | LP3: =+JN3-LO3 -> -3211.9419 | LQ3: =IFERROR(LP3/LO3,"") -> -0.29630964 | LR3: =+GK3+JF3 -> 6764.294 | LS3: =+JN3-LR3 -> 863.57967 | LT3: =IFERROR(LS3/LR3,"") -> 0.12766738 | LU3: =+GQ3+JH3 -> 7546.9725 | LV3: =+JN3-LU3 -> 80.901176 | LW3: =IFERROR(LV3/LU3,"") -> 0.010719686 | LX3: =+GW3+JJ3 -> 6757.9077 | LY3: =+JN3-LX3 -> 869.96599 | LZ3: =IFERROR(LY3/LX3,"") -> 0.12873304 | MA3: =+HC3+JL3 -> 7405.764 | MB3: =+JN3-MA3 -> 222.10972 | MC3: =IFERROR(MB3/MA3,"") -> 0.029991466 | ME3: =IFERROR(MAX(IFERROR(JR3+0,-9.99E+307),IFERROR(JU3+0,-9.99E+307),IFERROR(JX3+0,-9.99E+307),IFERROR(KA3+0,-9.99E+307),IFERROR(KD3+0,-9.99E+307),IFERROR(KG3+0,-9.99E+307),IFERROR(KJ3+0,-9.99E+307),IFERROR(KM3+0,-9.99E+307),IFERROR(KP3+0,-9.99E+307),IFERROR(KS3+0,-9.99E+307),IFERROR(KV3+0,-9.99E+307),IFERROR(KY3+0,-9.99E+307),IFERROR(LB3+0,-9.99E+307),IFERROR(LE3+0,-9.99E+307),IFERROR(LH3+0,-9.99E+307),IFERROR(LK3+0,-9.99E+307),IFERROR(LN3+0,-9.99E+307),IFERROR(LQ3+0,-9.99E+307),IFERROR(LT3+0,-9.99E+307),IFERROR(LW3+0,-9.99E+307),IFERROR(LZ3+0,-9.99E+307),IFERROR(MC3+0,-9.99E+307)),"") -> 0.26555492
A4: 신반포2차 | B4: 서울특별시 서초구 잠원동 73 | C4: 45484 | D4: 서울특별시 고시 제2024-350호 | G4: =+'2_신반포2'!E14 -> 79638.1 | I4: =+'2_신반포2'!G17 -> 2.9994 | M4: =+'2_신반포2'!N21 -> 4172 | N4: =+G4*I4 -> 238866.52 | P4: =+Q4-N4 -> 207998.5 | Q4: =+'2_신반포2'!N19 -> 446865.02 | R4: 구글링 | S4: =+'2_신반포2'!E166 -> 7.8996336 | T4: 0.3 | U4: =+Q4*0.3025*(S4)*(1+T4) -> 1388200 | V4: 구글링 | W4: ='2_신반포2'!D48 -> 65.95 | X4: ='2_신반포2'!E48 -> 88.373 | Y4: ='2_신반포2'!F48 -> 336 | Z4: ='2_신반포2'!D49 -> 75.95 | AA4: ='2_신반포2'!E49 -> 101.773 | AB4: ='2_신반포2'!F49 -> 288 | AC4: ='2_신반포2'!D50 -> 84.95 | AD4: ='2_신반포2'!E50 -> 113.408 | AE4: ='2_신반포2'!F50 -> 200 | AF4: ='2_신반포2'!D51 -> 94.950022 | AG4: ='2_신반포2'!E51 -> 126.758 | AH4: ='2_신반포2'!F51 -> 260 | AI4: ='2_신반포2'!D52 -> 105.95005 | AJ4: ='2_신반포2'!E52 -> 141.443 | AK4: ='2_신반포2'!F52 -> 150 | AL4: ='2_신반포2'!D53 -> 112.95006 | AM4: ='2_신반포2'!E53 -> 150.788 | AN4: ='2_신반포2'!F53 -> 112 | AO4: ='2_신반포2'!D54 -> 126.95009 | AP4: ='2_신반포2'!E54 -> 169.478 | AQ4: ='2_신반포2'!F54 -> 130 | AR4: ='2_신반포2'!D55 -> 138.95012 | AS4: ='2_신반포2'!E55 -> 185.498 | AT4: ='2_신반포2'!F55 -> 91 | AU4: ='2_신반포2'!D56 -> 150.95015 | AV4: ='2_신반포2'!E56 -> 201.518 | AW4: ='2_신반포2'!F56 -> 5 | AX4: 73.284178 | AY4: =+(Y4*X4+AB4*AA4+AE4*AD4+AH4*AG4+AK4*AJ4+AN4*AM4+AQ4*AP4+AT4*AS4+AW4*AV4)*AX4*0.3025 -> 4271140 | AZ4: =+'2_신반포2'!D58 -> 59.95 | BA4: =+'2_신반포2'!E58 -> 80.333 | BB4: =+'2_신반포2'!F58 -> 205 | BC4: =+'2_신반포2'!D59 -> 84.95 | BD4: =+'2_신반포2'!E59 -> 113.408 | BE4: =+'2_신반포2'!F59 -> 20 | BI4: 75 | BJ4: =+(BB4*BA4+BE4*BD4+BH4*BG4)*BI4*0.3025 -> 425082.64 | BK4: 59.95 | BL4: 80.333 | BM4: 118 | BN4: 65.95 | BO4: 88.373 | BP4: 24 | BQ4: 75.95 | BR4: 101.773 | BS4: 18 | BT4: 84.95 | BU4: 113.408 | BV4: 15 | BX4: =+'2_신반포2'!I152 -> 26328.8 | BY4: =+'2_신반포2'!I153 -> 108990.1 | BZ4: =+AY4+BJ4+BX4+BY4 -> 4831541.5 | CA4: 고시문 | CC4: ='2_신반포2'!C217 -> 68.91 | CD4: ='2_신반포2'!D217 -> 68.91 | CE4: ='2_신반포2'!H217 -> 336 | CF4: ='2_신반포2'!I217 -> 2050 | CG4: ='2_신반포2'!T217 -> 4175 | CI4: ='2_신반포2'!C218 -> 79.42 | CJ4: ='2_신반포2'!D218 -> 79.42 | CK4: ='2_신반포2'!H218 -> 288 | CL4: ='2_신반포2'!I218 -> 2350 | CM4: ='2_신반포2'!T218 -> 4550 | CO4: ='2_신반포2'!C219 -> 92.2 | CP4: ='2_신반포2'!D219 -> 92.2 | CQ4: ='2_신반포2'!H219 -> 192 | CR4: ='2_신반포2'!I219 -> 2870 | CS4: ='2_신반포2'!T219 -> 4950 | CU4: ='2_신반포2'!C220 -> 93.71 | CV4: ='2_신반포2'!D220 -> 93.71 | CW4: ='2_신반포2'!H220 -> 144 | CX4: ='2_신반포2'!I220 -> 2870 | CY4: ='2_신반포2'!T220 -> 4950 | DA4: ='2_신반포2'!C221 -> 107.31 | DB4: ='2_신반포2'!D221 -> 107.31 | DC4: ='2_신반포2'!H221 -> 360 | DD4: ='2_신반포2'!I221 -> 3150 | DE4: ='2_신반포2'!T221 -> 5800 | DG4: ='2_신반포2'!C222 -> 135.97 | DH4: ='2_신반포2'!D222 -> 135.97 | DI4: ='2_신반포2'!H222 -> 60 | DJ4: ='2_신반포2'!I222 -> 3850 | DK4: ='2_신반포2'!T222 -> 6800 | DM4: ='2_신반포2'!C223 -> 137.66 | DN4: ='2_신반포2'!D223 -> 137.66 | DO4: ='2_신반포2'!H223 -> 96 | DP4: ='2_신반포2'!I223 -> 3850 | DQ4: ='2_신반포2'!T223 -> 6800 | DS4: ='2_신반포2'!C224 -> 150.58 | DT4: ='2_신반포2'!D224 -> 150.58 | DU4: ='2_신반포2'!H224 -> 96 | DV4: ='2_신반포2'!I224 -> 4250 | DW4: ='2_신반포2'!T224 -> 7700 | HD4: =CE4+CK4+CQ4+CW4+DC4+DI4+DO4+DU4+EA4+EG4+EM4+ES4+EY4+FE4+FK4+FQ4+FW4+GC4+GI4+GO4+GU4+HA4 -> 1572 | HE4: =CE4*CF4+CK4*CL4+CQ4*CR4+CW4*CX4+DC4*DD4+DI4*DJ4+DO4*DP4+DU4*DV4+EA4*EB4+EG4*EH4+EM4*EN4+ES4*ET4+EY4*EZ4+FE4*FF4+FK4*FL4+FQ4*FR4+FW4*FX4+GC4*GD4+GI4*GJ4+GO4*GP4+GU4*GV4+HA4*HB4 -> 4472520 | HF4: =+'2_신반포2'!J231 -> 98714 | HG4: =+HE4+HF4 -> 4571234 | HH4: =+(BZ4-U4)/HG4 -> 0.75326302 | HJ4: =+'2_신반포2'!AA214 -> 래미안원배일리 | HK4: =+'2_신반포2'!AA217 -> 111.79 | HL4: =+'2_신반포2'!Z217 -> 6800 | HM4: =+HL4/(HK4*0.3025) -> 201.08542 | HN4: =+HM4*1.1 -> 221.19396 | HO4: =+HR4 -> 113.408 | HP4: =+HO4*HN4*0.3025 -> 7588.2623 | HR4: {=_xlfn.IFS(INT(W4)=84,X4,INT(Z4)=84,AA4,INT(AC4)=84,AD4,INT(AF4)=84,AG4,INT(AI4)=84,AJ4,INT(AL4)=84,AM4,INT(AO4)=84,AP4,INT(AR4)=84,AS4,INT(AU4)=84,AV4,TRUE,NA())} -> 113.408 | HS4: =HR4*AX4*0.3025 -> 2514.0812 | HU4: =+CF4*$HH4 -> 1544.1892 | HV4: =+$HS4-HU4 -> 969.89196 | HW4: =+CL4*$HH4 -> 1770.1681 | HX4: =+$HS4-HW4 -> 743.91305 | HY4: =+CR4*$HH4 -> 2161.8649 | HZ4: =+$HS4-HY4 -> 352.21628 | IA4: =+CX4*$HH4 -> 2161.8649 | IB4: =+$HS4-IA4 -> 352.21628 | IC4: =+DD4*$HH4 -> 2372.7785 | ID4: =+$HS4-IC4 -> 141.30264 | IE4: =+DJ4*$HH4 -> 2900.0626 | IF4: =+$HS4-IE4 -> -385.98148 | IG4: =+DP4*$HH4 -> 2900.0626 | IH4: =+$HS4-IG4 -> -385.98148 | II4: =+DV4*$HH4 -> 3201.3678 | IJ4: =+$HS4-II4 -> -687.28669 | JN4: =+HP4 -> 7588.2623 | JP4: =+CG4+HV4 -> 5144.892 | JQ4: =+JN4-JP4 -> 2443.3703 | JR4: =IFERROR(JQ4/JP4,"") -> 0.47491188 | JS4: =+CM4+HX4 -> 5293.9131 | JT4: =+JN4-JS4 -> 2294.3492 | JU4: =IFERROR(JT4/JS4,"") -> 0.43339382 | JV4: =+CS4+HZ4 -> 5302.2163 | JW4: =+JN4-JV4 -> 2286.046 | JX4: =IFERROR(JW4/JV4,"") -> 0.43114914 | JY4: =+CY4+IB4 -> 5302.2163 | JZ4: =+JN4-JY4 -> 2286.046 | KA4: =IFERROR(JZ4/JY4,"") -> 0.43114914 | KB4: =+DE4+ID4 -> 5941.3026 | KC4: =+JN4-KB4 -> 1646.9596 | KD4: =IFERROR(KC4/KB4,"") -> 0.27720514 | KE4: =+DK4+IF4 -> 6414.0185 | KF4: =+JN4-KE4 -> 1174.2438 | KG4: =IFERROR(KF4/KE4,"") -> 0.18307458 | KH4: =+DQ4+IH4 -> 6414.0185 | KI4: =+JN4-KH4 -> 1174.2438 | KJ4: =IFERROR(KI4/KH4,"") -> 0.18307458 | KK4: =+DW4+IJ4 -> 7012.7133 | KL4: =+JN4-KK4 -> 575.54897 | KM4: =IFERROR(KL4/KK4,"") -> 0.082072222 | KN4: =+EC4+IL4 -> 0 | KO4: =+JN4-KN4 -> 7588.2623 | KP4: =IFERROR(KO4/KN4,"") | KQ4: =+EI4+IN4 -> 0 | KR4: =+JN4-KQ4 -> 7588.2623 | KS4: =IFERROR(KR4/KQ4,"") | KT4: =+EO4+IP4 -> 0 | KU4: =+JN4-KT4 -> 7588.2623 | KV4: =IFERROR(KU4/KT4,"") | KW4: =+EU4+IR4 -> 0 | KX4: =+JN4-KW4 -> 7588.2623 | KY4: =IFERROR(KX4/KW4,"") | KZ4: =+FA4+IT4 -> 0 | LA4: =+JN4-KZ4 -> 7588.2623 | LB4: =IFERROR(LA4/KZ4,"") | LC4: =+FG4+IV4 -> 0 | LD4: =+JN4-LC4 -> 7588.2623 | LE4: =IFERROR(LD4/LC4,"") | LF4: =+FM4+IX4 -> 0 | LG4: =+JN4-LF4 -> 7588.2623 | LH4: =IFERROR(LG4/LF4,"") | LI4: =+FS4+IZ4 -> 0 | LJ4: =+JN4-LI4 -> 7588.2623 | LK4: =IFERROR(LJ4/LI4,"") | LL4: =+FY4+JB4 -> 0 | LM4: =+JN4-LL4 -> 7588.2623 | LN4: =IFERROR(LM4/LL4,"") | LO4: =+GE4+JD4 -> 0 | LP4: =+JN4-LO4 -> 7588.2623 | LQ4: =IFERROR(LP4/LO4,"") | LR4: =+GK4+JF4 -> 0 | LS4: =+JN4-LR4 -> 7588.2623 | LT4: =IFERROR(LS4/LR4,"") | LU4: =+GQ4+JH4 -> 0 | LV4: =+JN4-LU4 -> 7588.2623 | LW4: =IFERROR(LV4/LU4,"") | LX4: =+GW4+JJ4 -> 0 | LY4: =+JN4-LX4 -> 7588.2623 | LZ4: =IFERROR(LY4/LX4,"") | MA4: =+HC4+JL4 -> 0 | MB4: =+JN4-MA4 -> 7588.2623 | MC4: =IFERROR(MB4/MA4,"") | ME4: =IFERROR(MAX(IFERROR(JR4+0,-9.99E+307),IFERROR(JU4+0,-9.99E+307),IFERROR(JX4+0,-9.99E+307),IFERROR(KA4+0,-9.99E+307),IFERROR(KD4+0,-9.99E+307),IFERROR(KG4+0,-9.99E+307),IFERROR(KJ4+0,-9.99E+307),IFERROR(KM4+0,-9.99E+307),IFERROR(KP4+0,-9.99E+307),IFERROR(KS4+0,-9.99E+307),IFERROR(KV4+0,-9.99E+307),IFERROR(KY4+0,-9.99E+307),IFERROR(LB4+0,-9.99E+307),IFERROR(LE4+0,-9.99E+307),IFERROR(LH4+0,-9.99E+307),IFERROR(LK4+0,-9.99E+307),IFERROR(LN4+0,-9.99E+307),IFERROR(LQ4+0,-9.99E+307),IFERROR(LT4+0,-9.99E+307),IFERROR(LW4+0,-9.99E+307),IFERROR(LZ4+0,-9.99E+307),IFERROR(MC4+0,-9.99E+307)),"") -> 0.47491188
A5: 목동6단지 | B5: 서울특별시 양천구 목동 911 | C5: 45520 | D5: 서울특별시 고시 제2024-401호 | G5: =+'3_목동6'!E14 -> 90074.6 | I5: =+'3_목동6'!G17 -> 2.9987 | M5: =+'3_목동6'!N23 -> 2173 | N5: =+'3_목동6'!E17 -> 270106.7 | P5: =+Q5-N5 -> 151744.8 | Q5: =+'3_목동6'!E19 -> 421851.5 | R5: 구글링 | S5: =+'3_목동6'!E102 -> 7.3624792 | T5: =+'3_목동6'!F101 -> 0.36927959 | U5: =+Q5*0.3025*(S5)*(1+T5) -> 1286474.5 | V5: 구글링 | X5: =+'3_목동6'!E44 -> 80.15 | Y5: =+'3_목동6'!F44 -> 194 | AA5: =+'3_목동6'!E45 -> 112.45 | AB5: =+'3_목동6'!F45 -> 562 | AD5: =+'3_목동6'!E46 -> 131.45 | AE5: =+'3_목동6'!F46 -> 230 | AG5: =+'3_목동6'!E47 -> 155 | AH5: =+'3_목동6'!F47 -> 232 | AJ5: =+'3_목동6'!E48 -> 173 | AK5: =+'3_목동6'!F48 -> 100 | AM5: =+'3_목동6'!E49 -> 187.5 | AN5: =+'3_목동6'!F49 -> 37 | AP5: =+'3_목동6'!E50 -> 209 | AQ5: =+'3_목동6'!F50 -> 6 | AX5: =+'3_목동6'!E112 -> 45.031915 | AY5: =+(Y5*X5+AB5*AA5+AE5*AD5+AH5*AG5+AK5*AJ5+AN5*AM5+AQ5*AP5+AT5*AS5+AW5*AV5)*AX5*0.3025 -> 2321637.4
AZ6: 여기부터 2026-05-18 / 09:27
G9: 10 | M9: 10 | Q9: 10 | R9: 11
A10: 명칭 | B10: 주소 | C10: 고시문 날짜 | D10: 고시명 | E10: 연면적합계m2 | F10: 연면적 출처 | G10: 종후자산합계 | H10: 일반분양 | I10: 조합분양 | J10: 주택 외 | M10: 사업비합계 | N10: 공사비(계산결과) | O10: 기타사업비(계산결과) | P10: 공사비 대비 기타사업비 비율 | Q10: 종전합계 | R10: 종전자산(주택)합계 | S10: 기타종전자산 (계산결과) | U10: 종전-단지명 | V10: 종전-타입명 | W10: 타입별종전자산
A11: 압구정3구역 | B11: 서울특별시 강남구 압구정동 369-1 | C11: 45992 | D11: 서울특별시 강남구공고 제 2025-2711호 | E11: 1414453 | F11: 구글링 | G11: 21108000 | M11: 5887500 | N11: =+M11/(1+P11) -> 4528846.2 | O11: =+M11-N11 -> 1358653.8 | P11: 0.3 | Q11: 24930400 | R11: 23069157 | S11: =+Q11-R11 -> 1861243 | U11: 1,2차 | V11: 43 | W11: 5063

Sheet 1_압구정3
L1: fact check
A3: 단지명
A5: 비례율
E6: 수치(백만원) | F6: 출처위치(PDF페이지) | G6: 추정시 근거
B7: 종후자산총액 | E7: 21108000 | F7: ㅇ
B8: 사업비총액 | E8: 5887500 | F8: ㅇ
B9: 종전자산총액 | E9: 24930400 | F9: ㅇ
B10: 제시비례율 | E10: =+(E7-E8)/E9 -> 0.61051969
A12: 건축개요
E13: 수치 | F13: 출처위치 | G13: 추정시 근거 | H13: 추정시 근거
B14: 대지면적 | C14: 획지1 | D14: 3종일주 | E14: 240446 | F14: ㅇ
C15: 획지2 | D15: 준주 | E15: 28970.6 | F15: ㅇ
B16: 연면적
B17: 지상 | C17: 획지1 | D17: 3종일주 | E17: =+E14*G17 -> 721313.96 | F17: X | G17: 2.9999 | H17: 용적률 | I17: 제시된 용적률 기준 면적을 지상면적이자 분양면적으로 가정
C18: 획지2 | D18: 준주 | E18: =+E15*G18 -> 126569.65 | F18: X | G18: 4.3689 | H18: 용적률 | I18: 제시된 용적률 기준 면적을 지상면적이자 분양면적으로 가정
B19: 지하 | E19: =+G19*50 -> 545900 | G19: 10918 | H19: 총 주차대수(제시)기준 : 대당 50m2 지하면적 추론 | N19: 555246.46 | O19: 정답지
B20: 합계 | E20: =+SUM(E17:E19) -> 1393783.6 | H20: 주차대수당 50m2의 근거 는 AI 자료 취합 (실무적으로는 40m2/대 를 적용해왔음) | N20: 1414453 | O20: 정답지 | P20: =+E20/N20 -> 0.98538704
A25: 세대구성 | B25: 세대수
E26: 수치 | F26: 출처위치 | G26: 추정시 근거
B27: 총세대수 | E27: 5175 | F27: ㅇ
B28: 임대세대수 | E28: 641 | F28: ㅇ
B29: 조합원 수 | E29: 3934 | F29: ㅇ
B30: 일반분양 수 | E30: =+E27-E28-E29 -> 600
A34: 세대구성 | B34: 타입별 면적
G36: 60이하 | H36: 60~85 | I36: 85초과
B37: 총세대수 | C37: 분양 | E37: 조분 | F37: =+E29 -> 3934 | G37: 0 | H37: =+F37-I37 -> 408 | I37: =+I39 -> 3526 | J37: 조합원100% 분양 추정(현금청산 없음 가정) / 85를 초과하는 준공후 타입별 면적(범위로), 해당 범위별 세대수가 나와있으나 "온라인" 에서는 그냥 84 초과로 뭉뚱그려 추정 (p28)
E38: 일분 | F38: =+F39-F37 -> 600 | G38: =+G39 -> 522 | H38: =+F38-G38 -> 78 | I38: 0 | J38: 잔여세대가 일반분양으로 추정
E39: 계 | F39: 4534 | G39: 522 | H39: 486 | I39: =+F39-G39-H39 -> 3526
C40: 임대 | F40: 641 | G40: 511 | H40: 130 | I40: 0
F41: =+SUM(F39:F40) -> 5175 | G41: =+G39+G40 -> 1033 | H41: =+H39+H40 -> 616 | I41: =+I39+I40 -> 3526
B43: 85 초과 타입의 세대수 추정
C45: 주택연면적
D46: 전체연면적 | E46: =+E20 -> 1393783.6
D47: 상가연면적 | E47: 93154.08
D48: 주택연면적 | E48: =+E46-E47 -> 1300629.5 | F48: 전체 연면적에서 상가연면적(제시) 제외한 부분을 모두 주택면적으로 가정 (실제 커뮤니티 센터 등 과다하게 주택으로 계상될 여지 있음)
D49: 주택 지상면적(분양면적) | E49: =+E48*SUM(E17:E18)/E20 -> 791214.97 | F49: 주차대수에 기반한 지상/지하 연면적 비율에 따른 배분 -> 실제 건축계획과 상이할 수 있음 | N49: 827826.16 | O49: 정답지 | P49: =+E49/N49 -> 0.9557743
D50: 주택 지하면적 | E50: =+E48-E49 -> 509414.56 | F50: 주차대수에 기반한 지상/지하 연면적 비율에 따른 배분 -> 실제 건축계획과 상이할 수 있음
B53: 전유 | E53: 세대수 | F53: 세대당분양면적 | G53: 분양면적합계
B54: 59 | C54: 60이하 | E54: =+G41 -> 1033 | F54: =+F55*B54/B55 -> 80.071429 | G54: =+E54*F54 -> 82713.786 | H54: 60m2 미만 카테고리의 전유면적은 59m2 으로 단순화 (실제 건축계획의 보다 세분화된 타입과 달라질 수 있음) / 전용59에 따른 분양면적 80m2 는 경험치 적용
B55: 84 | C55: 60~85 | E55: =+H41 -> 616 | F55: 114 | G55: =+E55*F55 -> 70224 | H55: 60~85m2 미만 카테고리의 전유면적은 84m2 으로 단순화 (실제 건축계획의 보다 세분화된 타입과 달라질 수 있음) / 전용84에 따른 분양면적 114는 경험치 적용
A57: 논리1(채택X) | B57: =+F57*B55/F55 -> 133.3833 | C57: 85초과 | D57: case1 | E57: =+I41 -> 3526 | F57: =+G57/E57 -> 181.02019 | G57: =+E49-G54-G55 -> 638277.19 | H57: 잔여분양면적 추정로직 | I57: sol 1 : 지상 면적만으로 잔여면적 추출 | K57: 가장 자연스럽지만 비례율 차이 존재
G58: =+SUM(G54:G57)/W63 -> 0.9557743
A59: 논리2(채택X) | B59: =+B55*F59/F55 -> 139.27252 | C59: 85초과 | D59: case2 | E59: =+E57 -> 3526 | F59: =+G59/E59 -> 189.01271 | G59: =+E48*0.63-G54-G55 -> 666458.82 | H59: 잔여분양면적 추정로직 | I59: sol2 잔여 연면적의 63%를 분양면적으로 추정 | K59: 인위적 - 답을 알고 역산한 것 / 다만 케이스로 기억은 해둘 것
G60: =+(G54+G55+G59)/W63 -> 0.98981724
A61: 논리3(채택O) | B61: =+K77 -> 143.18388 | C61: 85초과 | D61: case3 | E61: =+E59 -> 3526 | F61: =+L77 -> 194.32098 | G61: =+L77*M67 -> 685175.78 | H61: 잔여분양면적 추정로직 | I61: sol3 종후자산가액 역산 추출 | K61: 제시된 분양단가(조합원8300만원/평)가 존재하고, 전체 매출합계(종후자산가액)가 존재하기에, 역으로 84 초과 타입에 대한 분양합계면적을 추정한 뒤, 앞에서 추정된 84초과 세대수로 나누어, 84초과 세대의 평균적 전유면적을 도출하는 로직 | U61: 분양면적 정답 | W61: 716430.83
G62: =+(G61+G54+G55)/W63 -> 1.012427 | W62: 111395.33
I63: 현재 확정 분양면적 | W63: =+SUM(W61:W62) -> 827826.16
J64: 타입 | K64: 전유 | L64: 분양 | M64: 세대수 | N64: 분양가 | O64: 세대단가 | P64: 분양총액 | R64: =+SUM(R65:R73) -> 838113.57
I65: 조분 | J65: 60이하 | K65: =+G126 -> 59 | L65: =+H126 -> 80.071429 | M65: =+F126 -> 0 | N65: 83 | O65: =+N65*0.3025*L65 -> 2010.3934 | P65: =+O65*M65 -> 0 | R65: =+L65*M65 -> 0
J66: 60~85 | K66: =+G127 -> 84 | L66: =+H127 -> 114 | M66: =+F127 -> 408 | N66: 83 | O66: =+N66*0.3025*L66 -> 2862.255 | P66: =+O66*M66 -> 1167800 | R66: =+L66*M66 -> 46512
J67: 85초과 | K67: =+G128 -> 143.18388 | L67: =+L66*K67/K66 -> 194.32098 | M67: =+F128 -> 3526 | N67: 83 | P67: =+O67*M67 -> 0 | R67: =+L67*M67 -> 685175.78
I68: 일분 | J68: 60이하 | K68: =+G129 -> 59 | L68: =+H129 -> 80.071429 | M68: =+F129 -> 522 | N68: 85 | O68: =+N68*0.3025*L68 -> 2058.8366 | P68: =+O68*M68 -> 1074712.7 | R68: =+L68*M68 -> 41797.286
J69: 60~85 | K69: =+G130 -> 84 | L69: =+H130 -> 114 | M69: =+F130 -> 78 | N69: 85 | O69: =+N69*0.3025*L69 -> 2931.225 | P69: =+O69*M69 -> 228635.55 | R69: =+L69*M69 -> 8892
J70: 85초과 | K70: =+G131 -> 143.18388 | L70: =+L69*K70/K69 -> 194.32098 | M70: =+F131 -> 0 | N70: 85 | P70: =+O70*M70 -> 0 | R70: =+L70*M70 -> 0
I72: 임대 | J72: 60이하 | K72: =+G133 -> 59 | L72: =+H133 -> 80.071429 | M72: =+F133 -> 511 | N72: 6 | O72: =+N72*0.3025*L72 -> 145.32964 | P72: =+O72*M72 -> 74263.447 | R72: =+L72*M72 -> 40916.5
J73: 60~85 | K73: =+G134 -> 84 | L73: =+H134 -> 114 | M73: =+F134 -> 130 | N73: 6 | O73: =+N73*0.3025*L73 -> 206.91 | P73: =+O73*M73 -> 26898.3 | R73: =+L73*M73 -> 14820
J74: 85초과
P75: =+SUM(P65:P74) -> 2572310 | Q75: 85 초과 금액 제외 | S75: 주택 계
P76: =+K137 -> 1332639 | S76: 상가 등
K77: =+K73*L77/L73 -> 143.18388 | L77: =+O77/(N77*0.3025) -> 194.32098 | N77: =+N67 -> 83 | O77: =+P77/M67 -> 4878.9141 | P77: =+P78-P75-P76 -> 17203051 | Q77: 85 초과 역산 도출 | S77: 85초과
P78: =+E7 -> 21108000 | S78: 종후총액
A87: 비례율 재산정
B89: 종전자산
B90: 종전 | C90: 구분 | D90: 구분 | E90: 세대수 | F90: 세대당평균금액 | G90: 종전자산추산액 | H90: 비고
A91: 1 | C91: 1,2차 | D91: 43 | E91: 216 | F91: 5063 | G91: =+F91*E91 -> 1093608
A92: 2 | C92: 1,2차 | D92: 53 | E92: 180 | F92: 7088 | G92: =+F92*E92 -> 1275840
A93: 3 | C93: 1,2차 | D93: 54 | E93: 264 | F93: 6928 | G93: =+F93*E93 -> 1828992
A94: 4 | C94: 1,2차 | D94: 65 | E94: 300 | F94: 8328 | G94: =+F94*E94 -> 2498400
A95: 5 | C95: 3차 | D95: 33 | E95: 432 | F95: 4091 | G95: =+F95*E95 -> 1767312
A96: 6 | C96: 4차 | D96: 44 | E96: 170 | F96: 5989 | G96: =+F96*E96 -> 1018130
A97: 7 | C97: 5차 | D97: 35 | E97: 224 | F97: 4259 | G97: =+F97*E97 -> 954016
A98: 8 | C98: 6,7차 | D98: 48 | E98: 560 | F98: 5798 | G98: =+F98*E98 -> 3246880
A99: 9 | C99: 6,7차 | D99: 53 | E99: 420 | F99: 6373 | G99: =+F99*E99 -> 2676660
A100: 10 | C100: 6,7차 | D100: 65 | E100: 252 | F100: 7979 | G100: =+F100*E100 -> 2010708
A101: 11 | C101: 6,7차 | D101: 80 | E101: 56 | F101: 9995 | G101: =+F101*E101 -> 559720
A102: 12 | C102: 10차 | D102: 36 | E102: 96 | F102: 4337 | G102: =+F102*E102 -> 416352
A103: 13 | C103: 10차 | D103: 50 | E103: 48 | F103: 6145 | G103: =+F103*E103 -> 294960
A104: 14 | C104: 13차 | D104: 36A | E104: 104 | F104: 4660 | G104: =+F104*E104 -> 484640
A105: 15 | C105: 13차 | D105: 36B | E105: 130 | F105: 4660 | G105: =+F105*E105 -> 605800
A106: 16 | C106: 14차 | D106: 32 | E106: 388 | F106: 4348 | G106: =+F106*E106 -> 1687024
A107: 17 | C107: 대림아크로빌 | D107: 81 | E107: 4 | F107: 6467 | G107: =+F107*E107 -> 25868
A108: 18 | C108: 대림아크로빌 | D108: 85 | E108: 52 | F108: 7449 | G108: =+F108*E108 -> 387348
A109: 19 | C109: 대림빌라트 | D109: 75 | E109: 17 | F109: 5499 | G109: =+F109*E109 -> 93483
A110: 20 | C110: 대림빌라트 | D110: 93 | E110: 2 | F110: 6602 | G110: =+F110*E110 -> 13204
A111: 21 | C111: 현대빌라트 | D111: 73 | E111: 17 | F111: 5490 | G111: =+F111*E111 -> 93330
A112: 22 | C112: 현대빌라트 | D112: 87 | E112: 2 | F112: 6403 | G112: =+F112*E112 -> 12806
E113: =+SUM(E91:E112) -> 3934 | G113: =+SUM(G91:G112) -> 23045081 | H113: 23039157
A114: 24 | C114: 상가등 종전 | G114: 1891257 | H114: =+G115-H113 -> 1897181
A115: 25 | C115: 전체종전 | G115: =+G113+G114 -> 24936338
B117: 사업비
D118: 연면적m2 | E118: 공사비 | F118: 기타사업비 | G118: 사업비
D119: =+N20 -> 1414453 | E119: =+G119/1.3 -> 4528846.2 | F119: =+E119*0.3 -> 1358653.8 | G119: 5887500 | H119: 기타사업비 : 공사비의 30%
E120: 평단가
E121: =+E119/(D119*0.3025) -> 10.584581
B123: 종후
E125: 타입 | F125: 세대수 | G125: 전유 | H125: 분양 | I125: 세대단가 | J125: 평단가 | K125: 총액
B126: 총세대수 | C126: 분양 | D126: 조분 | E126: 60이하 | F126: =+G37 -> 0 | G126: =+B54 -> 59 | H126: =+F54 -> 80.071429 | I126: =+J126*H126*0.3025 -> 2010.3934 | J126: 83 | K126: =+I126*F126 -> 0
E127: 60~85 | F127: =+H37 -> 408 | G127: =+B55 -> 84 | H127: =+F55 -> 114 | I127: =+J127*H127*0.3025 -> 2862.255 | J127: 83 | K127: =+I127*F127 -> 1167800
E128: 85초과 | F128: =+I37 -> 3526 | G128: =+B61 -> 143.18388 | H128: =+F61 -> 194.32098 | I128: =+J128*H128*0.3025 -> 4878.9141 | J128: 83 | K128: =+I128*F128 -> 17203051
D129: 일분 | E129: 60이하 | F129: =+G38 -> 522 | G129: =+G126 -> 59 | H129: =+H126 -> 80.071429 | I129: =+J129*H129*0.3025 -> 2058.8366 | J129: 85 | K129: =+I129*F129 -> 1074712.7
...

Sheet 2_신반포2
L1: fact check
A3: 단지명
A5: 비례율
E6: 수치(백만원) | F6: 출처위치(PDF페이지) | G6: 추정시 근거
B7: 종후자산총액 | E7: 4831600 | F7: ㅇ
B8: 사업비총액 | E8: 1388200 | F8: ㅇ
B9: 종전자산총액 | E9: 4571300 | F9: ㅇ
B10: 제시비례율 | E10: =+(E7-E8)/E9 -> 0.75326494 | F10: ㅇ
A12: 건축개요
E13: 수치 | F13: 출처위치 | G13: 추정시 근거
B14: 대지면적 | E14: 79638.1 | F14: ㅇ
B16: 연면적 | P16: 전용 | Q16: 공급 | R16: 계약
B17: 지상 | E17: =+E14*G17 -> 238866.52 | G17: 2.9994 | H17: 용적률 | I17: 제시된 용적률 기준 면적을 지상면적이자 분양면적으로 가정 | N17: 243841.66 | O17: 지상연면적 | P17: 59 | Q17: =+Q18*P17/P18 -> 80.071429 | R17: 144.71 | S17: =+R17/Q17 -> 1.8072614 | T17: 활용해야 할 힌트 : 다른단지와 달리 전용 대비 계약(연면적)제시 비율은 임대주택관련 면적을 기재하면서 제시해두었음 - 활용방법고민해볼것
B18: 지하 | E18: =+G20*50 -> 215985 | G18: 지하연면적을 추정하기 위한 힌트가 고시문에 없었음 -> 유사 신축 단지 건축계획(압구정3구역)의 세대당 주차대수 계획(2.1대) 및 주차 대수별 면적 가정(50m2)을 차용하여 신반포2차의 지하면적 추론에 적용 | L18: 로직/정답 | N18: =+N19-N17 -> 203023.36 | P18: 84 | Q18: 114
B19: 합계 | E19: =+N19 -> 446865.02 | L19: =+E19/N19 -> 1 | M19: 정답 | N19: 446865.02 | O19: 연면적
G20: =+G21*G22 -> 4319.7 | H20: 총주차대수(추론)
G21: 2.1 | H21: 세대당주차대수(추론, 근거 압구정3구역) | M21: 정답 | N21: 4172 | O21: 주차대수 | P21: =+N21*50 -> 208600
G22: 2057 | H22: 총세대수 (제시)
A26: 세대구성 | B26: 세대수
E27: 수치 | F27: 출처위치 | G27: 추정시 근거
B28: 총세대수 | E28: 2057 | F28: ㅇ
B29: 임대세대수 | E29: =85+175 -> 260 | F29: ㅇ
B30: 조합원수 | E30: 1572 | F30: ㅇ
B31: 일반분양수 | E31: 225 | F31: ㅇ
A35: 세대구성 | B35: 타입별 면적
G37: 60이하 | H37: 60~85 | I37: 85초과
B38: 총세대수 | C38: 분양 | E38: 조분 | F38: =+SUM(G38:I38) -> 1572 | H38: =+E30-I38 -> 824 | I38: =+I40 -> 748 | J38: 조합원100% 중대형 분양 추정
E39: 일분 | F39: =+SUM(G39:I39) -> 225 | G39: =+G40*1 -> 205 | H39: =+H40-H38 -> 20 | J39: 84이상 규모는 조합원이 우선 분양받은 후 잔여세대가 존재하면 일반분양으로 추정
E40: 계 | F40: =+SUM(G40:I40) -> 1797 | G40: 205 | H40: 844 | I40: 748
C41: 임대(기부채납) | F41: =+SUM(G41:I41) -> 85 | G41: 85
C42: 임대(법적상한) | F42: =+SUM(G42:I42) -> 175 | G42: 118 | H42: 57
E43: 계 | F43: =+F41+F42 -> 260
C46: 타입 | D46: 전유 | E46: 분양 | F46: 세대수 | G46: 분양가/(평당) | H46: 세대단가 | I46: 분양총액 | J46: 계약면적 | K46: 연면적누계 | L46: 활용해야 할 힌트 : 다른단지와 달리 전용 대비 계약(연면적)제시 비율은 임대주택관련 면적을 기재하면서 제시해두었음 - 이 임대주택의 계약면적을 주택 연면적 산정에 활용
B47: 조분 | C47: 60이하
B48: 1 | C48: 60~85 | D48: 65.95 | E48: 88.373 | F48: 336 | G48: 75 | H48: =+ROUND(G48*E48*0.3025,0) -> 2005 | I48: =+H48*F48 -> 673680 | J48: =+$J$62*D48/$D$62 -> 159.19307 | K48: =+J48*F48 -> 53488.871 | P48: =+E48*0.3025*F48 -> 8982.2317
B49: 2 | D49: 75.95 | E49: 101.773 | F49: 288 | G49: 75 | H49: =+ROUND(G49*E49*0.3025,0) -> 2309 | I49: =+H49*F49 -> 664992 | J49: =+$J$62*D49/$D$62 -> 183.33152 | K49: =+J49*F49 -> 52799.477 | P49: =+E49*0.3025*F49 -> 8866.4638
B50: 3 | D50: 84.95 | E50: 113.408 | F50: 200 | G50: 75 | H50: =+ROUND(G50*E50*0.3025,0) -> 2573 | I50: =+H50*F50 -> 514600 | J50: =+$J$62*D50/$D$62 -> 205.05612 | K50: =+J50*F50 -> 41011.224 | P50: =+E50*0.3025*F50 -> 6861.184
B51: 4 | C51: 85초과 | D51: =+$D$50*E51/$E$50 -> 94.950022 | E51: 126.758 | F51: 260 | G51: 72.75 | H51: =+ROUND(G51*E51*0.3025,0) -> 2790 | I51: =+H51*F51 -> 725400 | J51: =+$J$62*D51/$D$62 -> 229.19462 | K51: =+J51*F51 -> 59590.602 | P51: =+E51*0.3025*F51 -> 9969.5167
B52: 5 | D52: =+$D$50*E52/$E$50 -> 105.95005 | E52: 141.443 | F52: 150 | G52: 72.75 | H52: =+ROUND(G52*E52*0.3025,0) -> 3113 | I52: =+H52*F52 -> 466950 | J52: =+$J$62*D52/$D$62 -> 255.74698 | K52: =+J52*F52 -> 38362.046 | P52: =+E52*0.3025*F52 -> 6417.9761
B53: 6 | D53: =+$D$50*E53/$E$50 -> 112.95006 | E53: 150.788 | F53: 112 | G53: 72 | H53: =+ROUND(G53*E53*0.3025,0) -> 3284 | I53: =+H53*F53 -> 367808 | J53: =+$J$62*D53/$D$62 -> 272.64393 | K53: =+J53*F53 -> 30536.12 | P53: =+E53*0.3025*F53 -> 5108.6974
B54: 7 | D54: =+$D$50*E54/$E$50 -> 126.95009 | E54: 169.478 | F54: 130 | G54: 71.25 | H54: =+ROUND(G54*E54*0.3025,0) -> 3653 | I54: =+H54*F54 -> 474890 | J54: =+$J$62*D54/$D$62 -> 306.43783 | K54: =+J54*F54 -> 39836.918 | P54: =+E54*0.3025*F54 -> 6664.7224
B55: 8 | D55: =+$D$50*E55/$E$50 -> 138.95012 | E55: 185.498 | F55: 91 | G55: 68.25 | H55: =+ROUND(G55*E55*0.3025,0) -> 3830 | I55: =+H55*F55 -> 348530 | J55: =+$J$62*D55/$D$62 -> 335.40403 | K55: =+J55*F55 -> 30521.767 | P55: =+E55*0.3025*F55 -> 5106.2962
B56: 9 | D56: =+$D$50*E56/$E$50 -> 150.95015 | E56: 201.518 | F56: 5 | G56: 112.5 | H56: =+ROUND(G56*E56*0.3025,0) -> 6858 | I56: =+H56*F56 -> 34290 | J56: =+$J$62*D56/$D$62 -> 364.37023 | K56: =+J56*F56 -> 1821.8512 | P56: =+E56*0.3025*F56 -> 304.79597
E57: =+SUMPRODUCT(E48:E56,F48:F56) -> 192667.39 | J57: =+$J$62*D57/$D$62 -> 0 | K57: =+J57*F57 -> 0 | M57: 조분총액 | N57: =+SUM(I48:I56) -> 4271140 | O57: 조분 분양평 | P57: =+SUM(P48:P56) -> 58281.884 | Q57: 조분평단가 | R57: =+N57/P57 -> 73.284178 | S57: 조합원분양가의 타입별 금액을 상세하게 세분화하여 기재하였음 -> 온라인 추정 위해 일괄 단가로 재산정
B58: 일분 | C58: 60이하 | D58: 59.95 | E58: 80.333 | F58: 205 | G58: 75 | H58: =+ROUND(G58*E58*0.3025,0) -> 1823 | I58: =+H58*F58 -> 373715 | J58: =+$J$62*D58/$D$62 -> 144.71 | K58: =+J58*F58 -> 29665.55 | P58: =+E58*0.3025*F58 -> 4981.6502
C59: 60~85 | D59: 84.95 | E59: 113.408 | F59: 20 | G59: 75 | H59: =+ROUND(G59*E59*0.3025,0) -> 2573 | I59: =+H59*F59 -> 51460 | J59: =+$J$62*D59/$D$62 -> 205.05612 | K59: =+J59*F59 -> 4101.1224 | P59: =+E59*0.3025*F59 -> 686.1184
K60: =+J60*F60 -> 0 | M60: 일분총액 | N60: =+SUM(I58:I59) -> 425175 | O60: 일분분양평 | P60: =+P58+P59 -> 5667.7686 | Q60: 조분평단가 | R60: =+N60/P60 -> 75.016295
B61: 임대(기부채납) | K61: =+J61*F61 -> 0
C62: 60이하 | D62: 59.95 | E62: 80.333 | F62: 85 | J62: 144.71 | K62: =+J62*F62 -> 12300.35
K63: =+J63*F63 -> 0
K64: =+J64*F64 -> 0
B65: 임대(법적상한) | K65: =+J65*F65 -> 0
C66: 60이하 | D66: 59.95 | E66: 80.333 | F66: 118 | J66: 144.71 | K66: =+J66*F66 -> 17075.78
C67: 60~85 | D67: 65.95 | E67: 88.373 | F67: 24 | J67: =+$J$62*D67/$D$62 -> 159.19307 | K67: =+J67*F67 -> 3820.6337
D68: 75.95 | E68: 101.773 | F68: 18 | J68: =+$J$62*D68/$D$62 -> 183.33152 | K68: =+J68*F68 -> 3299.9673
D69: 84.95 | E69: 113.408 | F69: 15 | J69: =+$J$62*D69/$D$62 -> 205.05612 | K69: =+J69*F69 -> 3075.8418
C70: 공공주택 매각소계 (기부채납도 확인필요) | I70: 26328.8 | N70: 상가종전 | O70: 상가권리 | P70: 상가분담금
B71: 근생 | G71: =+I71/(K71*0.3025) -> 80.24451 | I71: 108990.1 | K71: 4490 | L71: 상가는 제시된 매출액을 그대로 차용 (실제 상가 조합원의 권리가액+분담금 합계와 상이하나 전체에서 차지하는 비중이 낮아 제시수치 그대로 적용) | N71: 16355 | O71: =+N71*0.7533 -> 12320.221 | P71: 2714
I72: =+SUM(I48:I71) -> 4831633.9 | K72: =+SUM(K48:K71) -> 425798.12 | L72: 분양대상면적 | N72: 40184 | O72: =+N72*0.7533 -> 30270.607 | P72: 21929
N73: 18083 | O73: =+N73*0.7533 -> 13621.924 | P73: 9868
N74: 14064 | O74: =+N74*0.7533 -> 10594.411 | P74: 7675
N75: 10046 | O75: =+N75*0.7533 -> 7567.6518 | P75: 2398
L76: 정담연면적 -> | M76: =+N19 -> 446865.02 | N76: =+SUM(N71:N75) -> 98732 | O76: =+N76*0.7533 -> 74374.816 | P76: =+O76*0.7533 -> 56026.549 | Q76: =+O76+P76 -> 130401.36 | R76: 안맞는데?
L77: 정답연면적과 분양대상면적 차이 -> | M77: =+M76-K72 -> 21066.898
K78: =+E19 -> 446865.02 | L78: 여튼 적용연면적 | N78: 경로당 | O78: 900
N79: 어린이집 | O79: 1200
N80: 작은도서관 | O80: 1000
N81: 주민운동시설 | O81: 6340 | P81: 실내 | Q81: 6000
P82: 실외 | Q82: 340
N83: 놀이터 | O83: 1940 | P83: 실외
N84: 다함께돌봄센터 | O84: 600
N85: 에듀커뮤니티 | O85: 1000
N86: 문화커뮤니티 | O86: 1000
N87: 수변커뮤니티 | O87: 2400
N88: 관리사무소 | O88: 400
N89: 경비실 | O89: 120
O90: =+SUM(O78:O89)-Q82-O83 -> 14620 | Q90: 참고로 고시문에 제시되어 찾아본 공동이용시설면적
A93: 비례율 재산정
B95: 종전자산
B96: 종전자산 | C96: 구분 | D96: 구분 | E96: 전용 | F96: 공급
C97: 아파트 | D97: 68.91
D98: 79.42
D99: 92.2
D100: 93.7
B102: 구분 | C102: 타입명 | D102: 전용 면적(m2) | E102: 공급 면적(m2) | F102: 건물 면적(m2) | G102: 대지 지분(m2) | H102: 세대수 | I102: 형별평균가격 (백만원) | J102: 추정금액 (백만원) | K102: 비고
A103: 1 | B103: 아파트 | C103: 68.91 | D103: 68.91 | E103: 74.15 | F103: 74.15 | G103: 37.04 | H103: 336 | I103: 2050 | J103: =+I103*H103 -> 688800
A104: 2 | C104: 79.42 | D104: 79.42 | E104: 85.52 | F104: 85.52 | G104: 43.08 | H104: 288 | I104: 2350 | J104: =+I104*H104 -> 676800
A105: 3 | C105: 92.2 | D105: 92.2 | E105: 99.13 | F105: 99.13 | G105: 49.84 | H105: 192 | I105: 2870 | J105: =+I105*H105 -> 551040
A106: 4 | C106: 93.71 | D106: 93.71 | E106: 100.92 | F106: 100.92 | G106: 49.84 | H106: 144 | I106: 2870 | J106: =+I106*H106 -> 413280
A107: 5 | C107: 107.31 | D107: 107.31 | E107: 115.58 | F107: 115.58 | G107: 57.78 | H107: 360 | I107: 3150 | J107: =+I107*H107 -> 1134000
A108: 6 | C108: 135.97 | D108: 135.97 | E108: 146.49 | F108: 146.49 | G108: 74.68 | H108: 60 | I108: 3850 | J108: =+I108*H108 -> 231000
A109: 7 | C109: 137.66 | D109: 137.66 | E109: 147.5 | F109: 147.5 | G109: 74.68 | H109: 96 | I109: 3850 | J109: =+I109*H109 -> 369600
A110: 8 | C110: 150.58 | D110: 150.58 | E110: 164.72 | F110: 164.72 | G110: 84.01 | H110: 96 | I110: 4250 | J110: =+I110*H110 -> 408000
C111: 소계 | D111: 151684.2 | E111: 163480.92 | F111: 163480.92 | G111: 82114.56 | H111: 1572 | I111: - | J111: =+SUM(J103:J110) -> 4472520
B112: 상가 | C112: 지층 | D112: 880.41 | E112: - | F112: 1126.35 | G112: - | H112: 32 | I112: 511 | J112: =+I112*H112 -> 16352 | K112: 층별 합계 면적
C113: 1층 | D113: 779.18 | E113: - | F113: 1107 | G113: - | H113: 35 | I113: 1148 | J113: =+I113*H113 -> 40180
C114: 2층 | D114: 886.33 | E114: - | F114: 1107 | G114: - | H114: 10 | I114: 1808 | J114: =+I114*H114 -> 18080
C115: 3층 | D115: 783.96 | E115: - | F115: 1107 | G115: - | H115: 22 | I115: 639 | J115: =+I115*H115 -> 14058
C116: 4층 | D116: 858.89 | E116: - | F116: 1107 | G116: - | H116: 12 | I116: 837 | J116: =+I116*H116 -> 10044
C117: 계 | D117: 4188.77 | E117: - | F117: 5554.35 | G117: 3304.67 | H117: 110 | I117: - | J117: =+SUM(J112:J116) -> 98714
...

Sheet 3_목동6
L1: fact check
A3: 단지명
A5: 비례율
E6: 수치(백만원) | F6: 출처위치(PDF페이지) | G6: 추정시 근거
B7: 종후자산총액 | E7: 3601732.3 | F7: ㅇ | G7: PDF 31
B8: 사업비총액 | E8: 1286474.5 | F8: ㅇ
B9: 종전자산총액 | E9: 2293943 | F9: ㅇ
B10: 비례율 | E10: =+(E7-E8)/E9 -> 1.0092918 | F10: ㅇ
A12: 건축개요
E13: 수치 | F13: 출처위치 | G13: 추정시 근거
B14: 대지면적 | E14: 90074.6 | F14: PDF 20
B16: 연면적
B17: 지상 | E17: =+E14*G17 -> 270106.7 | G17: 2.9987 | H17: 용적률 | I17: pdf 19
B18: 지하 | E18: =+E19-E17 -> 151744.8
B19: 합계 | E19: =+N19 -> 421851.5 | G19: 이 부분, 정답을 알고 있기에 넣었지만 | N19: 421851.5 | O19: 시공사선정 입찰공고(260212) 기준
G20: 기존 산출 로직과 충돌(주차대수당 50m2->크게 초과) | N20: 9.5 | O20: 평당공사비
N21: =+N19*0.3025*N20 -> 1212295.7
N23: 2173 | O23: 1.8 | P23: 40 | R23: =+N23*O23*P23+Q23 -> 156456
A27: 세대구성 | B27: 세대수
E28: 수치 | F28: 출처위치 | G28: 추정시 근거
B29: 총세대수 | E29: =+SUM(E30:E32) -> 2173 | F29: pdf 32
B30: 임대세대수 | E30: =212+61 -> 273 | F30: pdf 32
B31: 조합원수 | E31: =194+562+230+232+100+37+6 -> 1361 | F31: pdf 32
B32: 일반분양수 | E32: =77+221+91+92+40+15+3 -> 539 | F32: pdf 32
A36: 세대구성 | B36: 타입별 면적
B38: 총세대수
C43: 타입 | D43: 전유 | E43: 분양 | F43: 세대수 | G43: 분양가/(평당) | H43: 세대단가 | I43: 분양총액 | J43: 계약면적 | K43: 연면적누계
A44: 1 | B44: 조분 | E44: 80.15 | F44: 194 | G44: =+H44/(E44*0.3025) -> 50.888056 | H44: 1233.8 | I44: =+H44*F44 -> 239357.2 | L44: pdf 32 | P44: =+E44*0.3025*F44 -> 4703.6028
A45: 2 | E45: 112.45 | F45: 562 | G45: =+H45/(E45*0.3025) -> 46.260413 | H45: 1573.6 | I45: =+H45*F45 -> 884363.2 | L45: pdf 32 | P45: =+E45*0.3025*F45 -> 19117.062
A46: 3 | E46: 131.45 | F46: 230 | G46: =+H46/(E46*0.3025) -> 45.335404 | H46: 1802.7 | I46: =+H46*F46 -> 414621 | L46: pdf 32 | P46: =+E46*0.3025*F46 -> 9145.6337
A47: 4 | E47: 155 | F47: 232 | G47: =+H47/(E47*0.3025) -> 43.947747 | H47: 2060.6 | I47: =+H47*F47 -> 478059.2 | L47: pdf 32 | P47: =+E47*0.3025*F47 -> 10877.9
A48: 5 | E48: 173 | F48: 100 | G48: =+H48/(E48*0.3025) -> 40.246501 | H48: 2106.2 | I48: =+H48*F48 -> 210620 | L48: pdf 32 | P48: =+E48*0.3025*F48 -> 5233.25
A49: 6 | E49: 187.5 | F49: 37 | G49: =+H49/(E49*0.3025) -> 38.396474 | H49: 2177.8 | I49: =+H49*F49 -> 80578.6 | L49: pdf 32 | P49: =+E49*0.3025*F49 -> 2098.5938
A50: 7 | E50: 209 | F50: 6 | G50: =+H50/(E50*0.3025) -> 37.007395 | H50: 2339.7 | I50: =+H50*F50 -> 14038.2 | L50: pdf 32 | P50: =+E50*0.3025*F50 -> 379.335
L51: pdf 32 | M51: 조분총액 | N51: =+SUM(I44:I50) -> 2321637.4 | O51: 조분 분양평 | P51: =+SUM(P44:P50) -> 51555.378 | Q51: 조분평단가 | R51: =+N51/P51 -> 45.031915 | S51: 조합원분양가의 타입별 금액을 상세하게 세분화하여 기재하였음 -> 온라인 추정 위해 일괄 단가로 재산정
A52: 1 | B52: 일분 | E52: 80.15 | F52: 77 | G52: =+H52/(E52*0.3025) -> 56.538618 | H52: 1370.8 | I52: =+H52*F52 -> 105551.6 | L52: pdf 32 | P52: =+E52*0.3025*F52 -> 1866.8939
A53: 2 | E53: 112.45 | F53: 221 | G53: =+H53/(E53*0.3025) -> 51.399153 | H53: 1748.4 | I53: =+H53*F53 -> 386396.4 | L53: pdf 32 | P53: =+E53*0.3025*F53 -> 7517.5636
A54: 3 | E54: 131.45 | F54: 91 | G54: =+H54/(E54*0.3025) -> 50.372671 | H54: 2003 | I54: =+H54*F54 -> 182273 | L54: pdf 32 | P54: =+E54*0.3025*F54 -> 3618.4899
A55: 4 | E55: 155 | F55: 92 | G55: =+H55/(E55*0.3025) -> 48.829645 | H55: 2289.5 | I55: =+H55*F55 -> 210634 | L55: pdf 32 | P55: =+E55*0.3025*F55 -> 4313.65
A56: 5 | E56: 173 | F56: 40 | G56: =+H56/(E56*0.3025) -> 44.71791 | H56: 2340.2 | I56: =+H56*F56 -> 93608 | L56: pdf 32 | P56: =+E56*0.3025*F56 -> 2093.3
A57: 6 | E57: 187.5 | F57: 15 | G57: =+H57/(E57*0.3025) -> 42.661377 | H57: 2419.7 | I57: =+H57*F57 -> 36295.5 | L57: pdf 32 | P57: =+E57*0.3025*F57 -> 850.78125
A58: 7 | E58: 209 | F58: 3 | G58: =+H58/(E58*0.3025) -> 41.119854 | H58: 2599.7 | I58: =+H58*F58 -> 7799.1 | L58: pdf 32 | P58: =+E58*0.3025*F58 -> 189.6675
L59: pdf 32 | M59: 일분총액 | N59: =+SUM(I52:I58) -> 1022557.6 | O59: 일분분양평 | P59: =+SUM(P52:P58) -> 20450.346 | Q59: 조분평단가 | R59: =+N59/P59 -> 50.00197 | S59: 일분가의 타입별 금액을 상세하게 세분화하여 기재하였음 -> 온라인 추정 위해 일괄 단가로 재산정
B60: 공공주택매각 | E60: 80.15 | F60: 212 | L60: pdf 32
E61: 112.45 | F61: 61 | L61: pdf 32
G62: =+I62/(E60*0.3025*F60+E61*0.3025*F61) -> 5.2828806 | I62: 38116 | L62: pdf 32
L63: pdf 32
B64: 근생소계 | L64: pdf 32
B65: 근생1 2층 | E65: 2147.23 | G65: 20.161 | I65: =+G65*E65*0.3025 -> 13095.317 | L65: pdf 32
B66: 근생1 1층 | E66: 2147.23 | G66: 44.8 | I66: =+G66*E66*0.3025 -> 29099.261 | L66: pdf 32
B67: 근생2 1층 | E67: 252.62 | G67: 38.081 | I67: =+G67*E67*0.3025 -> 2910.0567 | L67: pdf 32
B68: 근생3 1층 | E68: 252.62 | G68: 38.081 | I68: =+G68*E68*0.3025 -> 2910.0567 | L68: pdf 32
B69: 근생4 1층 | E69: 126.31 | G69: 38.081 | I69: =+G69*E69*0.3025 -> 1455.0284 | L69: pdf 32
L70: pdf 32
B71: 부가세수입차감액 | I71: -2093.654 | L71: pdf 32
B72: 기타수입(조합원이주비대여금이자회수) | I72: 172046 | L72: pdf 32
L73: pdf 32
B74: 총수입 | I74: =+SUM(I44:I72) -> 3601733.1 | L74: pdf 32
A76: 비례율 재산정
B78: 종전자산 | L78: pdf 31
B80: 구분 | D80: 전용 면적(m2) | E80: 공급 면적(m2) | F80: 건물 면적(m2) | G80: 대지 지분(m2) | H80: 세대수 | I80: 형별평균가격 (백만원) | J80: 추정금액 (백만원)
B81: 아파트 | D81: 47.94 | E81: 63.05 | F81: 69.05 | G81: 43.31 | H81: 594 | I81: 1214 | J81: =+I81*H81 -> 721116 | L81: pdf 31
D82: 65.1 | E82: 83.57 | F82: 91.43 | G82: 58.81 | H82: 240 | I82: 1555 | J82: =+I82*H82 -> 373200 | L82: pdf 31
D83: 95.03 | E83: 120.33 | F83: 128.94 | G83: 85.85 | H83: 288 | I83: 1931 | J83: =+I83*H83 -> 556128 | L83: pdf 31
D84: 115.19 | E84: 131.95 | F84: 150.43 | G84: 106.06 | H84: 144 | I84: 2350 | J84: =+I84*H84 -> 338400 | L84: pdf 31
D85: 142.39 | E85: 166.34 | F85: 179.93 | G85: 128.63 | H85: 96 | I85: 2548 | J85: =+I85*H85 -> 244608 | L85: pdf 31
H86: =+SUM(H81:H85) -> 1362 | J86: =+SUM(J81:J85) -> 2233452
B88: 상가 | C88: 상가2층 | D88: 561.96 | F88: 905.39 | G88: 598.23 | H88: 16 | J88: 9939 | L88: pdf 31
C89: 상가1층 | D89: 499.36 | F89: 804.49 | G89: 531.56 | H89: 23 | J89: 18171 | L89: pdf 31
C90: 관리2층 | D90: 231.36 | F90: 318.77 | G90: 210.62 | H90: 1 | J90: 3152 | L90: pdf 31
C91: 관리1층 | D91: 595.68 | F91: 820.03 | G91: 541.83 | H91: 6 | J91: 16901 | L91: pdf 31
C92: 복리2층 | D92: 287.36 | F92: 304.12 | G92: 387.28 | H92: 1 | J92: 3354 | L92: pdf 31
C93: 복리1층 | D93: 346 | F93: 366.18 | G93: 466.42 | H93: 1 | J93: 8974 | L93: pdf 31
D94: =+SUM(D88:D93) -> 2521.72 | F94: =+SUM(F88:F93) -> 3518.98 | G94: =+SUM(G88:G93) -> 2735.94 | H94: =+SUM(H88:H93) -> 48 | J94: =+SUM(J88:J93) -> 60491
J96: =+J94+J86 -> 2293943
B98: 사업비
D99: 연면적m2 | E99: 공사비 | F99: 기타사업비 | G99: 사업비
D100: =+E19 -> 421851.5 | E100: 939526.55 | F100: 346947.97 | G100: =+E100+F100 -> 1286474.5
E101: 평단가 | F101: =+F100/E100 -> 0.36927959 | H101: *) 기타사업비 비율이 다소 높은편, 다만 제시자료 적용
E102: =+E100/(D100*0.3025) -> 7.3624792 | F102: 참고 : 26.04 기준 950만원
B104: 비례율
C105: 종후 | D105: 사업비 | E105: 종전 | F105: 비례율
C106: =+I74 -> 3601733.1 | D106: =+G100 -> 1286474.5 | E106: =+J96 -> 2293943 | F106: =+(C106-D106)/E106 -> 1.0092921
A108: 변수 재설계
B110: 변수 | E110: 평단가(백만원) | F110: 구분
C111: 일반분양가 | E111: =+R59 -> 50.00197 | F111: 공급평당
C112: 조합원분양가 | E112: =+R51 -> 45.031915 | F112: 공급평당
C113: 공사비 | E113: 7.36 | F113: 연면적평당
A115: 변수에 따른 비례율 재산정
B117: 종후
C119: 타입 | D119: 전유 | E119: 분양 | F119: 세대수 | G119: 분양가/(평당) | H119: 세대단가 | I119: 분양총액 | J119: 계약면적 | K119: 연면적누계
B120: 조분 | E120: 80.15 | F120: 194 | G120: =+E112 -> 45.031915 | H120: =+G120*E120*0.3025 -> 1091.8157 | I120: =+H120*F120 -> 211812.24
E121: 112.45 | F121: 562 | G121: =+G120 -> 45.031915 | H121: =+G121*E121*0.3025 -> 1531.8113 | I121: =+H121*F121 -> 860877.93
E122: 131.45 | F122: 230 | G122: =+G121 -> 45.031915 | H122: =+G122*E122*0.3025 -> 1790.6322 | I122: =+H122*F122 -> 411845.41
E123: 155 | F123: 232 | G123: =+G122 -> 45.031915 | H123: =+G123*E123*0.3025 -> 2111.4339 | I123: =+H123*F123 -> 489852.67
E124: 173 | F124: 100 | G124: =+G123 -> 45.031915 | H124: =+G124*E124*0.3025 -> 2356.6327 | I124: =+H124*F124 -> 235663.27
E125: 187.5 | F125: 37 | G125: =+G124 -> 45.031915 | H125: =+G125*E125*0.3025 -> 2554.154 | I125: =+H125*F125 -> 94503.696
E126: 209 | F126: 6 | G126: =+G125 -> 45.031915 | H126: =+G126*E126*0.3025 -> 2847.0303 | I126: =+H126*F126 -> 17082.182
B128: 일분 | E128: 80.15 | F128: 77 | G128: =+E111 -> 50.00197 | H128: =+G128*E128*0.3025 -> 1212.3165 | I128: =+H128*F128 -> 93348.372
E129: 112.45 | F129: 221 | G129: =+G128 -> 50.00197 | H129: =+G129*E129*0.3025 -> 1700.8733 | I129: =+H129*F129 -> 375892.99
...

Sheet 4_여의도시범
L1: fact check
A3: 단지명
A5: 비례율
E6: 수치(백만원) | F6: 출처위치(PDF페이지)
B7: 종후자산총액 | E7: 6176900 | F7: pdf 26
B8: 사업비총액 | E8: 2729300 | F8: pdf 26
B9: 종전자산총액 | E9: 3612300 | F9: pdf 26
B10: 비례율 | E10: =+(E7-E8)/E9 -> 0.95440578 | F10: pdf 26
A12: 건축개요
E13: 수치 | F13: 출처위치 | G13: 추정시 근거
B14: 대지면적 | E14: 88958.7 | F14: pdf 15
B16: 연면적 | N16: pdf 25 | Z16: pdf 23
B17: 지상 | E17: =+E14*G17 -> 355825.9 | G17: 3.9999 | H17: 용적률 | I17: pdf 15
B18: 지하 | E18: =+E19-E17 -> 254684.38
B19: 합계 | E19: =+K58 -> 610510.29 | G19: 정답은 565,977.06 이라는데…그러면 로직이 안맞아
G20: 565766.06
A24: 세대구성 | B24: 세대수
E25: 수치 | F25: 출처위치 | G25: 추정시 근거
B26: 총세대수 | E26: 2473 | F26: pdf 25
B27: 임대세대수 | E27: 343 | F27: pdf 25
B28: 조합원수 | E28: =216+672+360+336 -> 1584 | F28: pdf 25
B29: 일반분양수 | E29: =+E26-E27-E28 -> 546 | F29: pdf 25
A34: 세대구성 | B34: 타입별 면적 | N34: pdf 26 | Z34: pdf 26
AJ35: 전유 | AK35: 조분가 | AL35: 분양 | AM35: 조분평단가 | AN35: 일분평단가
B36: 총세대수 | AJ36: 59.9 | AK36: 1400 | AL36: 80 | AM36: =+AK36/(AL36*0.3025) -> 57.85124 | AN36: 75 | AO36: =+AM36/AN36 -> 0.77134986
AJ37: 84.9 | AK37: 2000 | AL37: =+$AL$36*AJ37/$AJ$36 -> 113.38898 | AM37: =+AK37/(AL37*0.3025) -> 58.308754
AJ38: 103.9 | AK38: 2430 | AL38: =+$AL$36*AJ38/$AJ$36 -> 138.76461 | AM38: 57.85124
AJ39: 128.9 | AK39: 3010 | AL39: =+$AL$36*AJ39/$AJ$36 -> 172.15359 | AM39: =+AK39/(AL39*0.3025) -> 57.799627
AJ40: 154.9 | AK40: 3620 | AL40: =+$AL$36*AJ40/$AJ$36 -> 206.87813 | AM40: =+AK40/(AL40*0.3025) -> 57.845371
C41: 타입 | D41: 전유 | E41: 분양 | F41: 세대수 | G41: 분양가/(평당) | H41: 세대단가 | I41: 분양총액 | J41: 계약면적 | K41: 연면적누계 | AJ41: 178.9 | AK41: 4180 | AL41: =+$AL$36*AJ41/$AJ$36 -> 238.93155 | AM41: =+AK41/(AL41*0.3025) -> 57.833223
B42: 조분 | C42: 85초과 | D42: =+D43*E42/E43 -> 149.42919 | E42: =+H42/G42/0.3025 -> 199.57154 | F42: 984 | G42: 58 | H42: =+I42/F42 -> 3501.4827 | I42: =+I56 -> 3445459 | J42: =+J43*D42/D43 -> 336.38057 | K42: =+J42*F42 -> 330998.49 | L42: pdf 25 | AJ42: 200.9 | AK42: 4700 | AL42: =+$AL$36*AJ42/$AJ$36 -> 268.31386 | AM42: =+AK42/(AL42*0.3025) -> 57.906775
C43: 60~85 | D43: 84.9 | E43: =+AL37 -> 113.38898 | F43: =+E28-F42 -> 600 | G43: 58 | H43: =+E43*0.3025*G43 -> 1989.4097 | I43: =+H43*F43 -> 1193645.8 | J43: =+J47 -> 191.11868 | K43: =+J43*F43 -> 114671.21 | L43: pdf 25
C44: 30~60 | D44: 59.9 | E44: =+AL36 -> 80 | L44: pdf 25
B46: 조분 | C46: 85초과 | L46: pdf 25
C47: 60~85 | D47: 84.9 | E47: =+E43 -> 113.38898 | F47: =991-F43 -> 391 | G47: 75 | H47: =+E47*0.3025*G47 -> 2572.5125 | I47: =+H47*F47 -> 1005852.4 | J47: =+J50 -> 191.11868 | K47: =+J47*F47 -> 74727.406 | L47: pdf 25
C48: 30~60 | D48: 59.9 | E48: =+E44 -> 80 | F48: 155 | G48: 75 | H48: =+E48*0.3025*G48 -> 1815 | I48: =+H48*F48 -> 281325 | J48: =+J51 -> 134.04327 | K48: =+J48*F48 -> 20776.707 | L48: pdf 25
B50: 공공주택 | C50: 60~85 | D50: 84.9 | E50: =+E47 -> 113.38898 | F50: 190 | G50: 6 | H50: =+E50*0.3025*G50 -> 205.801 | I50: =+H50*F50 -> 39102.19 | J50: =+M50/F50 -> 191.11868 | K50: =+J50*F50 -> 36312.55 | L50: pdf 23 | M50: 36312.55
C51: 30~60 | D51: 59.9 | E51: =+E48 -> 80 | F51: 153 | G51: 6 | H51: =+E51*0.3025*G51 -> 145.2 | I51: =+H51*F51 -> 22215.6 | J51: =+M51/F51 -> 134.04327 | K51: =+J51*F51 -> 20508.62 | L51: pdf 23 | M51: 20508.62
B53: 근생 | G53: 50 | I53: 189300 | J53: 12515.31 | K53: =+J53 -> 12515.31
I55: =+SUM(I43:I53) -> 2731441 | J55: 85 초과 제외
I56: =+I57-I55 -> 3445459 | J56: 85 초과 분양가
I57: =+E7 -> 6176900 | J57: 총 분양가
J58: 연면적 계 | K58: =+SUM(K42:K53) -> 610510.29 | L58: 역산 추정
A60: 비례율 재산정
B62: 종전자산
B64: 구분 | D64: 전용 면적(m2) | E64: 공급 면적(m2) | F64: 건물 면적(m2) | G64: 대지 지분(m2) | H64: 세대수 | I64: 형별평균가격 (백만원) | J64: 추정금액 (백만원)
B65: 아파트 | D65: 60.96 | H65: 216 | J65: 1555.9 | K65: =+J65*H65 -> 336074.4 | L65: pdf 26
D66: 79.24 | H66: 672 | J66: 1852.04 | K66: =+J66*H66 -> 1244570.9 | L66: pdf 26
D67: 118.12 | H67: 360 | J67: 2387.08 | K67: =+J67*H67 -> 859348.8 | L67: pdf 26
D68: 156.99 | H68: 336 | J68: 2964.5 | K68: =+J68*H68 -> 996072 | L68: pdf 26
B70: 상가 | C70: 지하 | J70: 1330
C71: 지상 | J71: 2030
K73: =+SUM(K65:K71) -> 3436066.1 | L73: 상가 제외
K74: =+K75-K73 -> 176233.92 | L74: 상가
K75: =+E9 -> 3612300 | L75: 상가포함
B78: 사업비
D79: 연면적m2 | E79: 공사비 | F79: 기타사업비 | G79: 사업비
D80: =+K58 -> 610510.29 | E80: =+G80/1.3 -> 2099461.5 | F80: =+E80*0.3 -> 629838.46 | G80: =+E8 -> 2729300
D81: *) 역산 추정 | E81: 평단가 | F81: =+F80/E80 -> 0.3 | H81: *) 기타사업비 비율이 다소 높은편, 다만 제시자료 적용
E82: =+E80/(D80*0.3025) -> 11.368144 | F82: 참고 : 26.04 기준 950만원
B84: 비례율
C85: 종후 | D85: 사업비 | E85: 종전 | F85: 비례율
C86: =+I57 -> 6176900 | D86: =+G80 -> 2729300 | E86: =+K75 -> 3612300 | F86: =+(C86-D86)/E86 -> 0.95440578
A88: 변수 재설계
B90: 변수 | E90: 평단가(백만원) | F90: 구분
C91: 일반분양가 | E91: 75 | F91: 공급평당
C92: 조합원분양가 | E92: 58 | F92: 공급평당
C93: 공사비 | E93: 11.37 | F93: 연면적평당
A95: 변수에 따른 비례율 재산정
B97: 종후
C99: 타입 | D99: 전유 | E99: 분양 | F99: 세대수 | G99: 분양가/(평당) | H99: 세대단가 | I99: 분양총액 | J99: 계약면적 | K99: 연면적누계
B100: 조분 | C100: 85초과 | D100: =+D42 -> 149.42919 | E100: =+E42 -> 199.57154 | F100: =+F42 -> 984 | G100: =+E92 -> 58 | H100: =+G100*E100*0.3025 -> 3501.4827 | I100: =+H100*F100 -> 3445459 | J100: =+J101*D100/D101 -> 0 | K100: =+J100*F100 -> 0
C101: 60~85 | D101: 84.9 | E101: =+E43 -> 113.38898 | F101: =+F43 -> 600 | G101: =+G100 -> 58 | H101: =+G101*E101*0.3025 -> 1989.4097 | I101: =+H101*F101 -> 1193645.8 | J101: =+J105 -> 0 | K101: =+J101*F101 -> 0
C102: 30~60 | D102: 59.9 | E102: =+E44 -> 80 | F102: =+F44 -> 0 | G102: 58 | H102: =+G102*E102*0.3025 -> 1403.6
B104: 조분 | C104: 85초과
C105: 60~85 | D105: 84.9 | E105: =+E101 -> 113.38898 | F105: =+F47 -> 391 | G105: =+E91 -> 75 | H105: =+G105*E105*0.3025 -> 2572.5125 | I105: =+H105*F105 -> 1005852.4 | J105: =+J108 -> 0 | K105: =+J105*F105 -> 0
C106: 30~60 | D106: 59.9 | E106: =+E102 -> 80 | F106: =+F48 -> 155 | G106: =+E91 -> 75 | H106: =+G106*E106*0.3025 -> 1815 | I106: =+H106*F106 -> 281325 | J106: =+J109 -> 0 | K106: =+J106*F106 -> 0
B108: 공공주택 | C108: 60~85 | D108: 84.9 | E108: =+E105 -> 113.38898 | F108: =+F50 -> 190 | G108: 6 | H108: =+G108*E108*0.3025 -> 205.801 | I108: =+H108*F108 -> 39102.19 | J108: =+M108/F108 -> 0 | K108: =+J108*F108 -> 0
C109: 30~60 | D109: 59.9 | E109: =+E106 -> 80 | F109: =+F51 -> 153 | G109: 6 | H109: =+G109*E109*0.3025 -> 145.2 | I109: =+H109*F109 -> 22215.6 | J109: =+M109/F109 -> 0 | K109: =+J109*F109 -> 0
B111: 근생 | G111: 50 | I111: 189300 | J111: 12515.31 | K111: =+J111 -> 12515.31
I113: =+SUM(I100:I111) -> 6176900 | J113: 85 초과 제외
B115: 사업비
C116: 공사비 | D116: 연면적m2 | E116: 공사비 | F116: 기타사업비 | G116: 사업비
C117: =+E93 -> 11.37 | D117: =+D80 -> 610510.29 | E117: =+C117*D117*0.3025 -> 2099804.3 | F117: =+E117*0.3 -> 629941.3 | G117: =+E117+F117 -> 2729745.7
B119: 비례율
C120: 종후 | D120: 사업비 | E120: 종전 | F120: 비례율
C121: =+I113 -> 6176900 | D121: =+G117 -> 2729745.7 | E121: =+K75 -> 3612300 | F121: =+(C121-D121)/E121 -> 0.95428241
Z127: *) 공개 버전은 84 가는것만 하는것도 답일듯!!
Z128: 신축아파트 : 단지명
O129: *) 공개 버전은 84 가는것만 하는것도 답일듯!! | T129: 구축 | Z129: KB시세 | AA129: 브라이튼 여의도
T130: KB시세
B131: 종전자산 | O131: 종후 | T131: 46118
B132: 구분 | D132: 전용 면적(m2) | E132: 공급 면적(m2) | F132: 건물 면적(m2) | G132: 대지 지분(m2) | H132: 세대수 | I132: 형별평균가격 (백만원) | J132: 추정금액 (백만원) | M132: 권리가액 | O132: =+D101 -> 84.9 | Q132: 분담금 | S132: 전용 | T132: KB시세 | V132: 총투자금 | X132: 마진 | Y132: 수익률(마진/총투자금) | Z132: kb시세(상한) | AA132: 분양면적 | AB132: 평단가 | AC132: 신축보정 | AD132: 본건 84 신축 가액 추정
B133: 아파트 | D133: 60.96 | H133: 216 | J133: 1555.9 | M133: =+J133*$F$121 -> 1484.768 | O133: =+H101 -> 1989.4097 | Q133: =+$O$133-M133 -> 504.64168 | T133: 2450 | V133: =+T133+Q133 -> 2954.6417 | X133: =+$AD$133-V133 -> 1248.7945 | Y133: =+X133/V133 -> 0.42265513 | Z133: 3943 | AA133: 117 | AB133: =+Z133/(AA133*0.3025) -> 111.40778 | AC133: =+AB133*1.1 -> 122.54856 | AD133: =+AC133*E101*0.3025 -> 4203.4362
D134: 79.24 | H134: 672 | J134: 1852.04 | M134: =+J134*$F$121 -> 1767.3692 | Q134: =+$O$133-M134 -> 222.04049 | T134: 2700 | V134: =+T134+Q134 -> 2922.0405 | X134: =+$AD$133-V134 -> 1281.3957
D135: 118.12 | H135: 360 | J135: 2387.08 | M135: =+J135*$F$121 -> 2277.9485 | Q135: =+$O$133-M135 -> -288.53877 | T135: 3575 | V135: =+T135+Q135 -> 3286.4612 | X135: =+$AD$133-V135 -> 916.97493
D136: 156.99 | H136: 336 | J136: 2964.5 | M136: =+J136*$F$121 -> 2828.9702 | Q136: =+$O$133-M136 -> -839.56052 | T136: 4175 | V136: =+T136+Q136 -> 3335.4395 | X136: =+$AD$133-V136 -> 867.99668

Sheet 5_대치은마
L1: fact check
A3: 단지명
N4: 정비 몽땅 | O4: 1133259 | P4: 용적률300% 기준임 말도 안됨
A5: 비례율 | N5: 희림 홈피 | O5: 1149691
E6: 수치(백만원) | F6: 출처위치(PDF페이지)
B7: 종후자산총액 | E7: 17327100 | F7: pdf 3 | L7: pdf 3 | N7: 46080 | O7: 통합심의결과
B8: 사업비총액 | E8: 6463800 | F8: pdf 3 | L8: pdf 3
B9: 종전자산총액 | E9: 11536300 | F9: pdf 3 | L9: pdf 3
B10: 비례율 | E10: =+(E7-E8)/E9 -> 0.9416624 | L10: pdf 3
A12: 건축개요
E13: 수치 | F13: 출처위치 | G13: 추정시 근거
B14: 대지면적 | E14: 222152.3 | F14: pdf 8
B16: 연면적
B17: 지상 | E17: =+E14*G17 -> 736257.15 | G17: 3.3142 | H17: 용적률 | I17: 2026-2-27 통합심의
B18: 지하 | E18: =+E19-E17 -> 719429.91 | G18: 주차대수 | H18: =+E18/E25/40 -> 3.0520529
B19: 합계 | E19: 1455687.1 | F19: 2026-2-27 통합심의
A23: 세대구성 | B23: 세대수
E24: 수치 | F24: 출처위치 | G24: 추정시 근거
B25: 총세대수 | E25: 5893 | F25: pdf 10
B26: 임대세대수 | E26: =813+96 -> 909 | F26: pdf 10
B27: 공공분양 | E27: =25+170 -> 195 | F27: pdf 10
B28: 조합원수 | E28: =+H88+H89 -> 4424 | F28: pdf 10
B29: 일반분양수 | E29: =+E25-SUM(E26:E28) -> 365
A33: 세대구성 | B33: 타입별 면적
B35: 총세대수
C36: 타입 | D36: 전유 | E36: 분양 | F36: 세대수 | G36: 분양가/(평당) | H36: 세대단가 | I36: 분양총액 | J36: 계약면적 | K36: 연면적누계
C37: 59 | E37: 80 | G37: =+H37/(E37*0.3025) -> 81.487603 | H37: 1972 | L37: pdf 3
C38: 76 | E38: =+$E$37*C38/$C$37 -> 103.05085 | G38: =+H38/(E38*0.3025) -> 79.748804 | H38: 2486 | L38: pdf 3
C39: 84 | E39: =+$E$37*C39/$C$37 -> 113.89831 | G39: =+H39/(E39*0.3025) -> 79.148465 | H39: 2727 | L39: pdf 3
C40: 96 | E40: =+$E$37*C40/$C$37 -> 130.16949 | G40: =+H40/(E40*0.3025) -> 78.727617 | H40: 3100 | L40: pdf 3
C41: 109 | E41: =+$E$37*C41/$C$37 -> 147.79661 | G41: =+H41/(E41*0.3025) -> 77.882326 | H41: 3482 | L41: pdf 3
C42: 118 | E42: =+$E$37*C42/$C$37 -> 160 | G42: =+H42/(E42*0.3025) -> 77.892562 | H42: 3770 | L42: pdf 3
C43: 128 | E43: =+$E$37*C43/$C$37 -> 173.55932 | G43: =+H43/(E43*0.3025) -> 77.083226 | H43: 4047 | L43: pdf 3
C44: 143 | E44: =+$E$37*C44/$C$37 -> 193.89831 | G44: =+H44/(E44*0.3025) -> 102.2262 | H44: 5996 | L44: pdf 3
B46: 상가 | D46: 15 | H46: 424 | K46: 64477.34 | L46: pdf 2(기정연면적)
B49: 타입별 면적
B51: 총세대수
C52: 타입 | D52: 전유 | E52: 분양 | F52: 세대수 | G52: 분양가/(평당) | H52: 세대단가 | I52: 분양총액 | J52: 계약면적 | K52: 연면적누계
B53: 공공임대 | C53: 60이하 | D53: 59.9 | E53: 82.164 | F53: 813 | G53: 6 | H53: =+G53*E53*0.3025 -> 149.12766 | I53: =+H53*F53 -> 121240.79
C54: 60~85이하 | D54: 84.9 | E54: 115.918 | F54: 96 | G54: 6 | H54: =+G54*E54*0.3025 -> 210.39117 | I54: =+H54*F54 -> 20197.552
B56: 공공분양 | C56: 60이하 | D56: 59.9 | E56: 82.164 | F56: 25 | G56: 6 | H56: =+G56*E56*0.3025 -> 149.12766 | I56: =+H56*F56 -> 3728.1915
C57: 60~85이하 | D57: 84.9 | E57: 115.918 | F57: 170 | G57: 6 | H57: =+G57*E57*0.3025 -> 210.39117 | I57: =+H57*F57 -> 35766.499
B59: 조분 | C59: 60이하 | D59: 59.9 | E59: 82.164 | L59: pdf 3
C60: 60~85이하 | D60: 84.9 | E60: 115.918 | F60: =+H90-F61 -> 2516 | G60: =+G64*0.98 -> 78.4 | H60: =+G60*E60*0.3025 -> 2749.1113 | I60: =+H60*F60 -> 6916764 | L60: pdf 3
C61: 85초과 | D61: =+D60*E61/E60 -> 130.86438 | E61: =+H61/G61/0.3025 -> 178.67536 | F61: 1908 | G61: =+G60 -> 78.4 | H61: =+I61/F61 -> 4237.4647 | I61: =+I72 -> 8085082.7 | L61: 85초과 조분가 역산
B63: 일분 | C63: 60이하 | D63: 59.9 | E63: 82.164 | F63: =1116-F53-F56 -> 278 | G63: 80 | H63: =+G63*E63*0.3025 -> 1988.3688 | I63: =+H63*F63 -> 552766.53 | L63: pdf 3
C64: 60~85이하 | D64: 84.9 | E64: 115.918 | F64: =2869-F54-F57-F60 -> 87 | G64: 80 | H64: =+G64*E64*0.3025 -> 2805.2156 | I64: =+H64*F64 -> 244053.76 | L64: pdf 3
C65: 85초과 | F65: 0 | L65: pdf 3
F67: =+SUM(F53:F65) -> 5893 | L67: pdf 15
B69: 상가 | C69: 변경 | D69: 15 | H69: 424 | L69: pdf 2(기정연면적/기정분양가)
C70: 기정 | E70: 30 | H70: 627 | I70: 1347500 | K70: 64477.34
I71: =+I53+I54+I56+I57+I60+I63+I64+I70 -> 9242017.3 | L71: 85초과 제외
I72: =+I73-I71 -> 8085082.7 | L72: 85초과 조분가
I73: =+E7 -> 17327100 | L73: 합계
B75: 총세대수 | C75: 건축개요참고용
C76: 타입 | D76: 전유 | E76: 분양 | F76: 세대수 | G76: 분양가/(평당) | H76: 세대단가 | I76: 분양총액 | J76: 계약면적 | K76: 연면적누계
B77: 공공임대 | C77: 60이하 | D77: 59 | E77: 82.164 | F77: 676 | J77: =+K77/F77 -> 82.164379 | K77: 55543.12 | L77: 실제는 분양면적 누계임 | M77: pdf 15
D78: 76 | E78: 104.603 | F78: 96 | J78: =+K78/F78 -> 104.60271 | K78: 10041.86 | L78: 실제는 분양면적 누계임 | M78: pdf 16
D79: 84 | E79: 115.918 | F79: 130 | J79: =+K79/F79 -> 115.91785 | K79: 15069.32 | L79: 실제는 분양면적 누계임 | M79: pdf 16
A83: 비례율 재산정
B85: 종전자산
B87: 구분 | D87: 전용 면적(m2) | E87: 공급 면적(m2) | F87: 건물 면적(m2) | G87: 대지 지분(m2) | H87: 세대수 | I87: 형별평균가격 (백만원) | J87: 추정금액 (백만원)
B88: 31평형 | H88: 2674 | J88: 2400 | K88: =+J88*H88 -> 6417600 | L88: pdf 2
B89: 34평형 | H89: 1750 | J89: 2700 | K89: =+J89*H89 -> 4725000 | L89: pdf 2
H90: =+H88+H89 -> 4424
B91: 상가
K93: =+SUM(K88:K89) -> 11142600 | L93: 상가제외
K94: =+K95-K93 -> 393700 | L94: 상가종전(역산)
K95: =+E9 -> 11536300 | L95: 전체
B97: 사업비
D98: 연면적m2 | E98: 공사비 | F98: 기타사업비 | G98: 사업비
D99: =+E19 -> 1455687.1 | E99: =+G99/1.3 -> 4972153.8 | F99: =+E99*0.3 -> 1491646.2 | G99: =+E8 -> 6463800
D100: *) 역산 추정 | E100: 평단가 | F100: =+F99/E99 -> 0.3
E101: =+E99/(D99*0.3025) -> 11.291487
B103: 비례율
C104: 종후 | D104: 사업비 | E104: 종전 | F104: 비례율
C105: =+I73 -> 17327100 | D105: =+G99 -> 6463800 | E105: =+K95 -> 11536300 | F105: =+(C105-D105)/E105 -> 0.9416624
A107: 변수 재설계
B109: 변수 | E109: 평단가(백만원) | F109: 구분
C110: 조합원분양가 | E110: 78.4 | F110: 공급평당
C111: 일반분양가 | E111: 80 | F111: 공급평당
C112: 공사비 | E112: 11.29 | F112: 연면적평당
A114: 변수에 따른 비례율 재산정
B116: 종후
C117: 타입 | D117: 전유 | E117: 분양 | F117: 세대수 | G117: 분양가/(평당) | H117: 세대단가 | I117: 분양총액 | J117: 계약면적 | K117: 연면적누계
B118: 공공임대 | C118: 60이하 | D118: 59.9 | E118: 82.164 | F118: =+F53 -> 813 | G118: 6 | H118: =+G118*E118*0.3025 -> 149.12766 | I118: =+H118*F118 -> 121240.79
C119: 60~85이하 | D119: 84.9 | E119: 115.918 | F119: =+F54 -> 96 | G119: 6 | H119: =+G119*E119*0.3025 -> 210.39117 | I119: =+H119*F119 -> 20197.552
B121: 공공분양 | C121: 60이하 | D121: 59.9 | E121: 82.164 | F121: =+F56 -> 25 | G121: 6 | H121: =+G121*E121*0.3025 -> 149.12766 | I121: =+H121*F121 -> 3728.1915
C122: 60~85이하 | D122: 84.9 | E122: 115.918 | F122: =+F57 -> 170 | G122: 6 | H122: =+G122*E122*0.3025 -> 210.39117 | I122: =+H122*F122 -> 35766.499
B124: 조분 | C124: 60이하 | D124: 59.9 | E124: 82.164 | F124: =+F59 -> 0
C125: 60~85이하 | D125: 84.9 | E125: 115.918 | F125: =+F60 -> 2516 | G125: =+E110 -> 78.4 | H125: =+G125*E125*0.3025 -> 2749.1113 | I125: =+H125*F125 -> 6916764
C126: 85초과 | D126: =+D61 -> 130.86438 | E126: =+E61 -> 178.67536 | F126: =+F61 -> 1908 | G126: =+G125 -> 78.4 | H126: =+G126*E126*0.3025 -> 4237.4647 | I126: =+H126*F126 -> 8085082.7
B128: 일분 | C128: 60이하 | D128: 59.9 | E128: 82.164 | F128: =+F63 -> 278 | G128: =+E111 -> 80 | H128: =+G128*E128*0.3025 -> 1988.3688 | I128: =+H128*F128 -> 552766.53
C129: 60~85이하 | D129: 84.9 | E129: 115.918 | F129: =+F64 -> 87 | G129: =+G128 -> 80 | H129: =+G129*E129*0.3025 -> 2805.2156 | I129: =+H129*F129 -> 244053.76
C130: 85초과 | F130: =+F65 -> 0
F132: =+SUM(F118:F130) -> 5893
B134: 상가 | C134: 변경 | D134: 15 | H134: 424
C135: 기정 | E135: 30 | H135: 627 | I135: 1347500 | K135: 64477.34
I137: =+SUM(I118:I135) -> 17327100
B139: 사업비
...
